dgp,delta,n,method,coverage,coverage_accuracy,avg_width,median_width,valid_reps
Heteroscedastic,0.0,100,Naive_OLS,0.957,0.007000000000000006,0.4008,0.4008,2000
Heteroscedastic,0.0,100,Sandwich_HC3,0.955,0.0050000000000000044,0.4028,0.4028,2000
Heteroscedastic,0.0,100,Sandwich_HC4,0.967,0.017000000000000015,0.4376,0.4376,2000
Heteroscedastic,0.0,100,Sandwich_HC5,0.96,0.010000000000000009,0.413,0.413,2000
Heteroscedastic,0.0,100,Pairs_Bootstrap,0.952,0.0020000000000000018,0.3859,0.3859,50
Heteroscedastic,0.0,100,AMRI_v1,0.957,0.007000000000000006,0.4049,0.4049,2000
Heteroscedastic,0.0,100,AMRI_v2,0.9575,0.007500000000000062,0.4046,0.4046,2000
Heteroscedastic,0.0,500,Naive_OLS,0.95,0.0,0.1761,0.1761,2000
Heteroscedastic,0.0,500,Sandwich_HC3,0.948,0.0020000000000000018,0.1764,0.1764,2000
Heteroscedastic,0.0,500,Sandwich_HC4,0.9505,0.000500000000000056,0.179,0.179,2000
Heteroscedastic,0.0,500,Sandwich_HC5,0.949,0.0010000000000000009,0.1772,0.1772,2000
Heteroscedastic,0.0,500,Pairs_Bootstrap,0.946,0.0040000000000000036,0.1728,0.1728,500
Heteroscedastic,0.0,500,Wild_Bootstrap,0.942,0.008000000000000007,0.1716,0.1716,500
Heteroscedastic,0.0,500,Bootstrap_t,0.944,0.006000000000000005,0.1742,0.1742,500
Heteroscedastic,0.0,500,AKS_Adaptive,0.9495,0.0004999999999999449,0.1759,0.1759,2000
Heteroscedastic,0.0,500,AMRI_v1,0.95,0.0,0.1768,0.1768,2000
Heteroscedastic,0.0,500,AMRI_v2,0.949,0.0010000000000000009,0.1765,0.1765,2000
Heteroscedastic,0.0,2000,Naive_OLS,0.9485,0.0014999999999999458,0.0878,0.0878,2000
Heteroscedastic,0.0,2000,Sandwich_HC3,0.947,0.0030000000000000027,0.0878,0.0878,2000
Heteroscedastic,0.0,2000,Sandwich_HC4,0.947,0.0030000000000000027,0.0881,0.0881,2000
Heteroscedastic,0.0,2000,Sandwich_HC5,0.947,0.0030000000000000027,0.0879,0.0879,2000
Heteroscedastic,0.0,2000,Pairs_Bootstrap,0.94,0.010000000000000009,0.0864,0.0864,500
Heteroscedastic,0.0,2000,Wild_Bootstrap,0.94,0.010000000000000009,0.0862,0.0862,500
Heteroscedastic,0.0,2000,AKS_Adaptive,0.947,0.0030000000000000027,0.0877,0.0877,2000
Heteroscedastic,0.0,2000,AMRI_v1,0.9475,0.0024999999999999467,0.088,0.088,2000
Heteroscedastic,0.0,2000,AMRI_v2,0.947,0.0030000000000000027,0.0878,0.0878,2000
Heteroscedastic,0.25,100,Naive_OLS,0.94,0.010000000000000009,0.4065,0.4065,2000
Heteroscedastic,0.25,100,Sandwich_HC3,0.943,0.007000000000000006,0.4193,0.4193,2000
Heteroscedastic,0.25,100,Sandwich_HC4,0.9575,0.007500000000000062,0.4569,0.4569,2000
Heteroscedastic,0.25,100,Sandwich_HC5,0.948,0.0020000000000000018,0.4303,0.4303,2000
Heteroscedastic,0.25,100,Pairs_Bootstrap,0.93,0.019999999999999907,0.4063,0.4063,500
Heteroscedastic,0.25,100,Wild_Bootstrap,0.934,0.015999999999999903,0.3938,0.3938,500
Heteroscedastic,0.25,100,Bootstrap_t,0.946,0.0040000000000000036,0.4276,0.4276,500
Heteroscedastic,0.25,100,AKS_Adaptive,0.9385,0.011499999999999955,0.408,0.408,2000
Heteroscedastic,0.25,100,AMRI_v1,0.943,0.007000000000000006,0.4193,0.4193,2000
Heteroscedastic,0.25,100,AMRI_v2,0.9425,0.007499999999999951,0.4188,0.4188,2000
Heteroscedastic,0.25,500,Naive_OLS,0.9435,0.00649999999999995,0.179,0.179,2000
Heteroscedastic,0.25,500,Sandwich_HC3,0.95,0.0,0.1846,0.1846,2000
Heteroscedastic,0.25,500,Sandwich_HC4,0.953,0.0030000000000000027,0.1875,0.1875,2000
Heteroscedastic,0.25,500,Sandwich_HC5,0.9505,0.000500000000000056,0.1855,0.1855,2000
Heteroscedastic,0.25,500,Pairs_Bootstrap,0.944,0.006000000000000005,0.1803,0.1803,500
Heteroscedastic,0.25,500,Wild_Bootstrap,0.94,0.010000000000000009,0.1799,0.1799,500
Heteroscedastic,0.25,500,Bootstrap_t,0.95,0.0,0.1822,0.1822,500
Heteroscedastic,0.25,500,AKS_Adaptive,0.9455,0.0044999999999999485,0.1799,0.1799,2000
Heteroscedastic,0.25,500,AMRI_v1,0.95,0.0,0.184,0.184,2000
Heteroscedastic,0.25,500,AMRI_v2,0.95,0.0,0.1833,0.1833,2000
Heteroscedastic,0.25,2000,Naive_OLS,0.94,0.010000000000000009,0.0891,0.0891,2000
Heteroscedastic,0.25,2000,Sandwich_HC3,0.944,0.006000000000000005,0.0919,0.0919,2000
Heteroscedastic,0.25,2000,Sandwich_HC4,0.9445,0.005499999999999949,0.0923,0.0923,2000
Heteroscedastic,0.25,2000,Sandwich_HC5,0.944,0.006000000000000005,0.092,0.092,2000
Heteroscedastic,0.25,2000,Pairs_Bootstrap,0.942,0.008000000000000007,0.0902,0.0902,500
Heteroscedastic,0.25,2000,Wild_Bootstrap,0.942,0.008000000000000007,0.0904,0.0904,500
Heteroscedastic,0.25,2000,AKS_Adaptive,0.9405,0.009499999999999953,0.0896,0.0896,2000
Heteroscedastic,0.25,2000,AMRI_v1,0.9455,0.0044999999999999485,0.0923,0.0923,2000
Heteroscedastic,0.25,2000,AMRI_v2,0.9445,0.005499999999999949,0.0913,0.0913,2000
Heteroscedastic,0.5,100,Naive_OLS,0.93,0.019999999999999907,0.4256,0.4256,2000
Heteroscedastic,0.5,100,Sandwich_HC3,0.948,0.0020000000000000018,0.4711,0.4711,2000
Heteroscedastic,0.5,100,Sandwich_HC4,0.964,0.014000000000000012,0.5205,0.5205,2000
Heteroscedastic,0.5,100,Sandwich_HC5,0.9535,0.0035000000000000586,0.4866,0.4866,2000
Heteroscedastic,0.5,100,Pairs_Bootstrap,0.956,0.006000000000000005,0.446,0.446,500
Heteroscedastic,0.5,100,Wild_Bootstrap,0.942,0.008000000000000007,0.433,0.433,500
Heteroscedastic,0.5,100,Bootstrap_t,0.944,0.006000000000000005,0.4827,0.4827,500
Heteroscedastic,0.5,100,AKS_Adaptive,0.9405,0.009499999999999953,0.4449,0.4449,2000
Heteroscedastic,0.5,100,AMRI_v1,0.948,0.0020000000000000018,0.4722,0.4722,2000
Heteroscedastic,0.5,100,AMRI_v2,0.948,0.0020000000000000018,0.4678,0.4678,2000
Heteroscedastic,0.5,500,Naive_OLS,0.924,0.025999999999999912,0.1874,0.1874,2000
Heteroscedastic,0.5,500,Sandwich_HC3,0.9475,0.0024999999999999467,0.2091,0.2091,2000
Heteroscedastic,0.5,500,Sandwich_HC4,0.9515,0.0015000000000000568,0.2131,0.2131,2000
Heteroscedastic,0.5,500,Sandwich_HC5,0.948,0.0020000000000000018,0.2105,0.2105,2000
Heteroscedastic,0.5,500,Pairs_Bootstrap,0.938,0.01200000000000001,0.2044,0.2044,500
Heteroscedastic,0.5,500,Wild_Bootstrap,0.934,0.015999999999999903,0.2025,0.2025,500
Heteroscedastic,0.5,500,Bootstrap_t,0.938,0.01200000000000001,0.2073,0.2073,500
Heteroscedastic,0.5,500,AKS_Adaptive,0.936,0.013999999999999901,0.1976,0.1976,2000
Heteroscedastic,0.5,500,AMRI_v1,0.951,0.0010000000000000009,0.2132,0.2132,2000
Heteroscedastic,0.5,500,AMRI_v2,0.9465,0.0034999999999999476,0.2079,0.2079,2000
Heteroscedastic,0.5,2000,Naive_OLS,0.9195,0.03049999999999997,0.0934,0.0934,2000
Heteroscedastic,0.5,2000,Sandwich_HC3,0.949,0.0010000000000000009,0.1044,0.1044,2000
Heteroscedastic,0.5,2000,Sandwich_HC4,0.9495,0.0004999999999999449,0.1049,0.1049,2000
Heteroscedastic,0.5,2000,Sandwich_HC5,0.949,0.0010000000000000009,0.1046,0.1046,2000
Heteroscedastic,0.5,2000,Pairs_Bootstrap,0.94,0.010000000000000009,0.1024,0.1024,500
Heteroscedastic,0.5,2000,Wild_Bootstrap,0.946,0.0040000000000000036,0.1025,0.1025,500
Heteroscedastic,0.5,2000,Bootstrap_t,0.942,0.008000000000000007,0.1028,0.1028,500
Heteroscedastic,0.5,2000,AKS_Adaptive,0.9405,0.009499999999999953,0.1006,0.1006,2000
Heteroscedastic,0.5,2000,AMRI_v1,0.959,0.009000000000000008,0.1094,0.1094,2000
Heteroscedastic,0.5,2000,AMRI_v2,0.949,0.0010000000000000009,0.1044,0.1044,2000
Heteroscedastic,0.75,100,Naive_OLS,0.898,0.051999999999999935,0.4586,0.4586,2000
Heteroscedastic,0.75,100,Sandwich_HC3,0.9485,0.0014999999999999458,0.5596,0.5596,2000
Heteroscedastic,0.75,100,Sandwich_HC4,0.968,0.018000000000000016,0.6283,0.6283,2000
Heteroscedastic,0.75,100,Sandwich_HC5,0.9535,0.0035000000000000586,0.5818,0.5818,2000
Heteroscedastic,0.75,100,Pairs_Bootstrap,0.942,0.008000000000000007,0.523,0.523,500
Heteroscedastic,0.75,100,Wild_Bootstrap,0.924,0.025999999999999912,0.5064,0.5064,500
Heteroscedastic,0.75,100,Bootstrap_t,0.94,0.010000000000000009,0.5899,0.5899,500
Heteroscedastic,0.75,100,AKS_Adaptive,0.928,0.02199999999999991,0.5171,0.5171,2000
Heteroscedastic,0.75,100,AMRI_v1,0.9425,0.007499999999999951,0.5643,0.5643,2000
Heteroscedastic,0.75,100,AMRI_v2,0.9455,0.0044999999999999485,0.5552,0.5552,2000
Heteroscedastic,0.75,500,Naive_OLS,0.883,0.06699999999999995,0.2025,0.2025,2000
Heteroscedastic,0.75,500,Sandwich_HC3,0.9515,0.0015000000000000568,0.2515,0.2515,2000
Heteroscedastic,0.75,500,Sandwich_HC4,0.954,0.0040000000000000036,0.2574,0.2574,2000
Heteroscedastic,0.75,500,Sandwich_HC5,0.9525,0.0025000000000000577,0.2536,0.2536,2000
Heteroscedastic,0.75,500,Pairs_Bootstrap,0.952,0.0020000000000000018,0.2456,0.2456,500
Heteroscedastic,0.75,500,Wild_Bootstrap,0.934,0.015999999999999903,0.2425,0.2425,500
Heteroscedastic,0.75,500,Bootstrap_t,0.934,0.015999999999999903,0.2512,0.2512,500
Heteroscedastic,0.75,500,AKS_Adaptive,0.9365,0.013499999999999956,0.2385,0.2385,2000
Heteroscedastic,0.75,500,AMRI_v1,0.959,0.009000000000000008,0.2634,0.2634,2000
Heteroscedastic,0.75,500,AMRI_v2,0.952,0.0020000000000000018,0.2518,0.2518,2000
Heteroscedastic,0.75,2000,Naive_OLS,0.895,0.05499999999999994,0.101,0.101,2000
Heteroscedastic,0.75,2000,Sandwich_HC3,0.9465,0.0034999999999999476,0.126,0.126,2000
Heteroscedastic,0.75,2000,Sandwich_HC4,0.948,0.0020000000000000018,0.1268,0.1268,2000
Heteroscedastic,0.75,2000,Sandwich_HC5,0.9465,0.0034999999999999476,0.1263,0.1263,2000
Heteroscedastic,0.75,2000,Pairs_Bootstrap,0.938,0.01200000000000001,0.1239,0.1239,500
Heteroscedastic,0.75,2000,Wild_Bootstrap,0.942,0.008000000000000007,0.1234,0.1234,500
Heteroscedastic,0.75,2000,Bootstrap_t,0.94,0.010000000000000009,0.1244,0.1244,500
Heteroscedastic,0.75,2000,AKS_Adaptive,0.943,0.007000000000000006,0.1228,0.1228,2000
Heteroscedastic,0.75,2000,AMRI_v1,0.9555,0.00550000000000006,0.1324,0.1324,2000
Heteroscedastic,0.75,2000,AMRI_v2,0.9465,0.0034999999999999476,0.1261,0.1261,2000
Heteroscedastic,1.0,100,Naive_OLS,0.855,0.09499999999999997,0.5086,0.5086,2000
Heteroscedastic,1.0,100,Sandwich_HC3,0.9485,0.0014999999999999458,0.6908,0.6908,2000
Heteroscedastic,1.0,100,Sandwich_HC4,0.9685,0.018500000000000072,0.7893,0.7893,2000
Heteroscedastic,1.0,100,Sandwich_HC5,0.9545,0.0045000000000000595,0.7239,0.7239,2000
Heteroscedastic,1.0,100,Pairs_Bootstrap,0.932,0.017999999999999905,0.6378,0.6378,500
Heteroscedastic,1.0,100,Wild_Bootstrap,0.916,0.03399999999999992,0.6157,0.6157,500
Heteroscedastic,1.0,100,Bootstrap_t,0.936,0.013999999999999901,0.7542,0.7542,500
Heteroscedastic,1.0,100,AKS_Adaptive,0.9245,0.025499999999999967,0.6371,0.6371,2000
Heteroscedastic,1.0,100,AMRI_v1,0.9495,0.0004999999999999449,0.7125,0.7125,2000
Heteroscedastic,1.0,100,AMRI_v2,0.9465,0.0034999999999999476,0.6906,0.6906,2000
Heteroscedastic,1.0,500,Naive_OLS,0.8385,0.11149999999999993,0.2256,0.2256,2000
Heteroscedastic,1.0,500,Sandwich_HC3,0.9475,0.0024999999999999467,0.3151,0.3151,2000
Heteroscedastic,1.0,500,Sandwich_HC4,0.956,0.006000000000000005,0.3238,0.3238,2000
Heteroscedastic,1.0,500,Sandwich_HC5,0.949,0.0010000000000000009,0.3183,0.3183,2000
Heteroscedastic,1.0,500,Pairs_Bootstrap,0.95,0.0,0.3071,0.3071,500
Heteroscedastic,1.0,500,Wild_Bootstrap,0.938,0.01200000000000001,0.3028,0.3028,500
Heteroscedastic,1.0,500,Bootstrap_t,0.938,0.01200000000000001,0.3182,0.3182,500
Heteroscedastic,1.0,500,AKS_Adaptive,0.9385,0.011499999999999955,0.3026,0.3026,2000
Heteroscedastic,1.0,500,AMRI_v1,0.9605,0.010500000000000065,0.3316,0.3316,2000
Heteroscedastic,1.0,500,AMRI_v2,0.9475,0.0024999999999999467,0.3158,0.3158,2000
Heteroscedastic,1.0,2000,Naive_OLS,0.861,0.08899999999999997,0.1126,0.1126,2000
Heteroscedastic,1.0,2000,Sandwich_HC3,0.949,0.0010000000000000009,0.1588,0.1588,2000
Heteroscedastic,1.0,2000,Sandwich_HC4,0.9505,0.000500000000000056,0.16,0.16,2000
Heteroscedastic,1.0,2000,Sandwich_HC5,0.9495,0.0004999999999999449,0.1593,0.1593,2000
Heteroscedastic,1.0,2000,Pairs_Bootstrap,0.936,0.013999999999999901,0.1561,0.1561,500
Heteroscedastic,1.0,2000,Wild_Bootstrap,0.942,0.008000000000000007,0.1551,0.1551,500
Heteroscedastic,1.0,2000,Bootstrap_t,0.936,0.013999999999999901,0.1575,0.1575,500
Heteroscedastic,1.0,2000,AKS_Adaptive,0.945,0.0050000000000000044,0.1558,0.1558,2000
Heteroscedastic,1.0,2000,AMRI_v1,0.958,0.008000000000000007,0.1669,0.1669,2000
Heteroscedastic,1.0,2000,AMRI_v2,0.949,0.0010000000000000009,0.1589,0.1589,2000
Heavy_Tails,0.0,100,Naive_OLS,0.952,0.0020000000000000018,0.4015,0.4015,2000
Heavy_Tails,0.0,100,Sandwich_HC3,0.949,0.0010000000000000009,0.4033,0.4033,2000
Heavy_Tails,0.0,100,Sandwich_HC4,0.957,0.007000000000000006,0.4379,0.4379,2000
Heavy_Tails,0.0,100,Sandwich_HC5,0.95,0.0,0.4136,0.4136,2000
Heavy_Tails,0.0,100,Pairs_Bootstrap,0.92,0.029999999999999916,0.3862,0.3862,500
Heavy_Tails,0.0,100,Wild_Bootstrap,0.924,0.025999999999999912,0.3763,0.3763,500
Heavy_Tails,0.0,100,Bootstrap_t,0.93,0.019999999999999907,0.4023,0.4023,500
Heavy_Tails,0.0,100,AKS_Adaptive,0.9515,0.0015000000000000568,0.3992,0.3992,2000
Heavy_Tails,0.0,100,AMRI_v1,0.9525,0.0025000000000000577,0.4063,0.4063,2000
Heavy_Tails,0.0,100,AMRI_v2,0.9525,0.0025000000000000577,0.4056,0.4056,2000
Heavy_Tails,0.0,500,Naive_OLS,0.953,0.0030000000000000027,0.176,0.176,2000
Heavy_Tails,0.0,500,Sandwich_HC3,0.9525,0.0025000000000000577,0.1759,0.1759,2000
Heavy_Tails,0.0,500,Sandwich_HC4,0.956,0.006000000000000005,0.1785,0.1785,2000
Heavy_Tails,0.0,500,Sandwich_HC5,0.9535,0.0035000000000000586,0.1767,0.1767,2000
Heavy_Tails,0.0,500,Pairs_Bootstrap,0.946,0.0040000000000000036,0.1722,0.1722,500
Heavy_Tails,0.0,500,Wild_Bootstrap,0.944,0.006000000000000005,0.1715,0.1715,500
Heavy_Tails,0.0,500,Bootstrap_t,0.946,0.0040000000000000036,0.1735,0.1735,500
Heavy_Tails,0.0,500,AKS_Adaptive,0.953,0.0030000000000000027,0.1757,0.1757,2000
Heavy_Tails,0.0,500,AMRI_v1,0.9535,0.0035000000000000586,0.1765,0.1765,2000
Heavy_Tails,0.0,500,AMRI_v2,0.952,0.0020000000000000018,0.1762,0.1762,2000
Heavy_Tails,0.0,2000,Naive_OLS,0.945,0.0050000000000000044,0.0877,0.0877,2000
Heavy_Tails,0.0,2000,Sandwich_HC3,0.947,0.0030000000000000027,0.0877,0.0877,2000
Heavy_Tails,0.0,2000,Sandwich_HC4,0.947,0.0030000000000000027,0.088,0.088,2000
Heavy_Tails,0.0,2000,Sandwich_HC5,0.947,0.0030000000000000027,0.0878,0.0878,2000
Heavy_Tails,0.0,2000,Pairs_Bootstrap,0.94,0.010000000000000009,0.086,0.086,500
Heavy_Tails,0.0,2000,Wild_Bootstrap,0.944,0.006000000000000005,0.0861,0.0861,500
Heavy_Tails,0.0,2000,Bootstrap_t,0.944,0.006000000000000005,0.0861,0.0861,500
Heavy_Tails,0.0,2000,AKS_Adaptive,0.945,0.0050000000000000044,0.0877,0.0877,2000
Heavy_Tails,0.0,2000,AMRI_v1,0.947,0.0030000000000000027,0.088,0.088,2000
Heavy_Tails,0.0,2000,AMRI_v2,0.945,0.0050000000000000044,0.0878,0.0878,2000
Heavy_Tails,0.25,100,Naive_OLS,0.954,0.0040000000000000036,0.4003,0.4003,2000
Heavy_Tails,0.25,100,Sandwich_HC3,0.949,0.0010000000000000009,0.3996,0.3996,2000
Heavy_Tails,0.25,100,Sandwich_HC4,0.9645,0.014500000000000068,0.4334,0.4334,2000
Heavy_Tails,0.25,100,Sandwich_HC5,0.956,0.006000000000000005,0.4096,0.4096,2000
Heavy_Tails,0.25,100,Pairs_Bootstrap,0.936,0.013999999999999901,0.3821,0.3821,500
Heavy_Tails,0.25,100,Wild_Bootstrap,0.916,0.03399999999999992,0.37,0.37,500
Heavy_Tails,0.25,100,Bootstrap_t,0.928,0.02199999999999991,0.3979,0.3979,500
Heavy_Tails,0.25,100,AKS_Adaptive,0.9545,0.0045000000000000595,0.4,0.4,2000
Heavy_Tails,0.25,100,AMRI_v1,0.9565,0.006500000000000061,0.4067,0.4067,2000
Heavy_Tails,0.25,100,AMRI_v2,0.956,0.006000000000000005,0.4043,0.4043,2000
Heavy_Tails,0.25,500,Naive_OLS,0.94,0.010000000000000009,0.1761,0.1761,2000
Heavy_Tails,0.25,500,Sandwich_HC3,0.9435,0.00649999999999995,0.1762,0.1762,2000
Heavy_Tails,0.25,500,Sandwich_HC4,0.945,0.0050000000000000044,0.1788,0.1788,2000
Heavy_Tails,0.25,500,Sandwich_HC5,0.944,0.006000000000000005,0.177,0.177,2000
Heavy_Tails,0.25,500,Pairs_Bootstrap,0.94,0.010000000000000009,0.1726,0.1726,500
Heavy_Tails,0.25,500,Wild_Bootstrap,0.928,0.02199999999999991,0.1721,0.1721,500
Heavy_Tails,0.25,500,Bootstrap_t,0.934,0.015999999999999903,0.1743,0.1743,500
Heavy_Tails,0.25,500,AKS_Adaptive,0.941,0.009000000000000008,0.1763,0.1763,2000
Heavy_Tails,0.25,500,AMRI_v1,0.944,0.006000000000000005,0.178,0.178,2000
Heavy_Tails,0.25,500,AMRI_v2,0.944,0.006000000000000005,0.1768,0.1768,2000
Heavy_Tails,0.25,2000,Naive_OLS,0.9425,0.007499999999999951,0.0877,0.0877,2000
Heavy_Tails,0.25,2000,Sandwich_HC3,0.94,0.010000000000000009,0.0877,0.0877,2000
Heavy_Tails,0.25,2000,Sandwich_HC4,0.943,0.007000000000000006,0.088,0.088,2000
Heavy_Tails,0.25,2000,Sandwich_HC5,0.94,0.010000000000000009,0.0878,0.0878,2000
Heavy_Tails,0.25,2000,Pairs_Bootstrap,0.946,0.0040000000000000036,0.0862,0.0862,500
Heavy_Tails,0.25,2000,Wild_Bootstrap,0.942,0.008000000000000007,0.0857,0.0857,500
Heavy_Tails,0.25,2000,Bootstrap_t,0.932,0.017999999999999905,0.0864,0.0864,500
Heavy_Tails,0.25,2000,AKS_Adaptive,0.9425,0.007499999999999951,0.0877,0.0877,2000
Heavy_Tails,0.25,2000,AMRI_v1,0.9435,0.00649999999999995,0.0884,0.0884,2000
Heavy_Tails,0.25,2000,AMRI_v2,0.9415,0.008499999999999952,0.0878,0.0878,2000
Heavy_Tails,0.5,100,Naive_OLS,0.9585,0.008500000000000063,0.3994,0.3994,2000
Heavy_Tails,0.5,100,Sandwich_HC3,0.949,0.0010000000000000009,0.3976,0.3976,2000
Heavy_Tails,0.5,100,Sandwich_HC4,0.9645,0.014500000000000068,0.4308,0.4308,2000
Heavy_Tails,0.5,100,Sandwich_HC5,0.955,0.0050000000000000044,0.4074,0.4074,2000
Heavy_Tails,0.5,100,Pairs_Bootstrap,0.94,0.010000000000000009,0.3818,0.3818,500
Heavy_Tails,0.5,100,Wild_Bootstrap,0.914,0.03599999999999992,0.3686,0.3686,500
Heavy_Tails,0.5,100,Bootstrap_t,0.926,0.02399999999999991,0.3986,0.3986,500
Heavy_Tails,0.5,100,AKS_Adaptive,0.9565,0.006500000000000061,0.3999,0.3999,2000
Heavy_Tails,0.5,100,AMRI_v1,0.9615,0.011500000000000066,0.4056,0.4056,2000
Heavy_Tails,0.5,100,AMRI_v2,0.959,0.009000000000000008,0.4027,0.4027,2000
Heavy_Tails,0.5,500,Naive_OLS,0.951,0.0010000000000000009,0.176,0.176,2000
Heavy_Tails,0.5,500,Sandwich_HC3,0.953,0.0030000000000000027,0.1759,0.1759,2000
Heavy_Tails,0.5,500,Sandwich_HC4,0.955,0.0050000000000000044,0.1785,0.1785,2000
Heavy_Tails,0.5,500,Sandwich_HC5,0.9535,0.0035000000000000586,0.1768,0.1768,2000
Heavy_Tails,0.5,500,Pairs_Bootstrap,0.954,0.0040000000000000036,0.1734,0.1734,500
Heavy_Tails,0.5,500,Wild_Bootstrap,0.946,0.0040000000000000036,0.1719,0.1719,500
Heavy_Tails,0.5,500,Bootstrap_t,0.95,0.0,0.1746,0.1746,500
Heavy_Tails,0.5,500,AKS_Adaptive,0.952,0.0020000000000000018,0.1764,0.1764,2000
Heavy_Tails,0.5,500,AMRI_v1,0.955,0.0050000000000000044,0.1781,0.1781,2000
Heavy_Tails,0.5,500,AMRI_v2,0.952,0.0020000000000000018,0.1765,0.1765,2000
Heavy_Tails,0.5,2000,Naive_OLS,0.949,0.0010000000000000009,0.0877,0.0877,2000
Heavy_Tails,0.5,2000,Sandwich_HC3,0.9475,0.0024999999999999467,0.0877,0.0877,2000
Heavy_Tails,0.5,2000,Sandwich_HC4,0.9485,0.0014999999999999458,0.088,0.088,2000
Heavy_Tails,0.5,2000,Sandwich_HC5,0.9475,0.0024999999999999467,0.0878,0.0878,2000
Heavy_Tails,0.5,2000,Pairs_Bootstrap,0.938,0.01200000000000001,0.0863,0.0863,500
Heavy_Tails,0.5,2000,Wild_Bootstrap,0.942,0.008000000000000007,0.0862,0.0862,500
Heavy_Tails,0.5,2000,Bootstrap_t,0.932,0.017999999999999905,0.0865,0.0865,500
Heavy_Tails,0.5,2000,AKS_Adaptive,0.9495,0.0004999999999999449,0.0878,0.0878,2000
Heavy_Tails,0.5,2000,AMRI_v1,0.951,0.0010000000000000009,0.0885,0.0885,2000
Heavy_Tails,0.5,2000,AMRI_v2,0.9485,0.0014999999999999458,0.0877,0.0877,2000
Heavy_Tails,0.75,100,Naive_OLS,0.955,0.0050000000000000044,0.3961,0.3961,2000
Heavy_Tails,0.75,100,Sandwich_HC3,0.9545,0.0045000000000000595,0.3938,0.3938,2000
Heavy_Tails,0.75,100,Sandwich_HC4,0.9675,0.01750000000000007,0.4265,0.4265,2000
Heavy_Tails,0.75,100,Sandwich_HC5,0.9605,0.010500000000000065,0.4035,0.4035,2000
Heavy_Tails,0.75,100,Pairs_Bootstrap,0.942,0.008000000000000007,0.3864,0.3864,500
Heavy_Tails,0.75,100,Wild_Bootstrap,0.934,0.015999999999999903,0.369,0.369,500
Heavy_Tails,0.75,100,Bootstrap_t,0.934,0.015999999999999903,0.4147,0.4147,500
Heavy_Tails,0.75,100,AKS_Adaptive,0.959,0.009000000000000008,0.4008,0.4008,2000
Heavy_Tails,0.75,100,AMRI_v1,0.962,0.01200000000000001,0.405,0.405,2000
Heavy_Tails,0.75,100,AMRI_v2,0.9595,0.009500000000000064,0.3996,0.3996,2000
Heavy_Tails,0.75,500,Naive_OLS,0.946,0.0040000000000000036,0.1756,0.1756,2000
Heavy_Tails,0.75,500,Sandwich_HC3,0.9475,0.0024999999999999467,0.1748,0.1748,2000
Heavy_Tails,0.75,500,Sandwich_HC4,0.9505,0.000500000000000056,0.1774,0.1774,2000
Heavy_Tails,0.75,500,Sandwich_HC5,0.948,0.0020000000000000018,0.1757,0.1757,2000
Heavy_Tails,0.75,500,Pairs_Bootstrap,0.932,0.017999999999999905,0.1724,0.1724,500
Heavy_Tails,0.75,500,Wild_Bootstrap,0.934,0.015999999999999903,0.1709,0.1709,500
Heavy_Tails,0.75,500,Bootstrap_t,0.93,0.019999999999999907,0.1742,0.1742,500
Heavy_Tails,0.75,500,AKS_Adaptive,0.95,0.0,0.177,0.177,2000
Heavy_Tails,0.75,500,AMRI_v1,0.953,0.0030000000000000027,0.1786,0.1786,2000
Heavy_Tails,0.75,500,AMRI_v2,0.9475,0.0024999999999999467,0.1757,0.1757,2000
Heavy_Tails,0.75,2000,Naive_OLS,0.9575,0.007500000000000062,0.0877,0.0877,2000
Heavy_Tails,0.75,2000,Sandwich_HC3,0.9565,0.006500000000000061,0.0874,0.0874,2000
Heavy_Tails,0.75,2000,Sandwich_HC4,0.9565,0.006500000000000061,0.0878,0.0878,2000
Heavy_Tails,0.75,2000,Sandwich_HC5,0.9565,0.006500000000000061,0.0876,0.0876,2000
Heavy_Tails,0.75,2000,Pairs_Bootstrap,0.944,0.006000000000000005,0.0862,0.0862,500
Heavy_Tails,0.75,2000,Wild_Bootstrap,0.946,0.0040000000000000036,0.0862,0.0862,500
Heavy_Tails,0.75,2000,Bootstrap_t,0.948,0.0020000000000000018,0.0863,0.0863,500
Heavy_Tails,0.75,2000,AKS_Adaptive,0.9595,0.009500000000000064,0.088,0.088,2000
Heavy_Tails,0.75,2000,AMRI_v1,0.962,0.01200000000000001,0.0892,0.0892,2000
Heavy_Tails,0.75,2000,AMRI_v2,0.957,0.007000000000000006,0.0876,0.0876,2000
Heavy_Tails,1.0,100,Naive_OLS,0.947,0.0030000000000000027,0.2196,0.2196,2000
Heavy_Tails,1.0,100,Sandwich_HC3,0.9545,0.0045000000000000595,0.2119,0.2119,2000
Heavy_Tails,1.0,100,Sandwich_HC4,0.969,0.019000000000000017,0.2276,0.2276,2000
Heavy_Tails,1.0,100,Sandwich_HC5,0.9595,0.009500000000000064,0.2164,0.2164,2000
Heavy_Tails,1.0,100,Pairs_Bootstrap,0.936,0.013999999999999901,0.2044,0.2044,500
Heavy_Tails,1.0,100,Wild_Bootstrap,0.932,0.017999999999999905,0.1883,0.1883,500
Heavy_Tails,1.0,100,Bootstrap_t,0.922,0.027999999999999914,0.2749,0.2749,500
Heavy_Tails,1.0,100,AKS_Adaptive,0.959,0.009000000000000008,0.2252,0.2252,2000
Heavy_Tails,1.0,100,AMRI_v1,0.961,0.01100000000000001,0.2195,0.2195,2000
Heavy_Tails,1.0,100,AMRI_v2,0.956,0.006000000000000005,0.2145,0.2145,2000
Heavy_Tails,1.0,500,Naive_OLS,0.9525,0.0025000000000000577,0.1062,0.1062,2000
Heavy_Tails,1.0,500,Sandwich_HC3,0.952,0.0020000000000000018,0.1007,0.1007,2000
Heavy_Tails,1.0,500,Sandwich_HC4,0.956,0.006000000000000005,0.102,0.102,2000
Heavy_Tails,1.0,500,Sandwich_HC5,0.953,0.0030000000000000027,0.1011,0.1011,2000
Heavy_Tails,1.0,500,Pairs_Bootstrap,0.928,0.02199999999999991,0.0966,0.0966,500
Heavy_Tails,1.0,500,Wild_Bootstrap,0.936,0.013999999999999901,0.0925,0.0925,500
Heavy_Tails,1.0,500,Bootstrap_t,0.912,0.03799999999999992,0.109,0.109,500
Heavy_Tails,1.0,500,AKS_Adaptive,0.963,0.013000000000000012,0.1051,0.1051,2000
Heavy_Tails,1.0,500,AMRI_v1,0.9585,0.008500000000000063,0.1042,0.1042,2000
Heavy_Tails,1.0,500,AMRI_v2,0.9525,0.0025000000000000577,0.101,0.101,2000
Heavy_Tails,1.0,2000,Naive_OLS,0.952,0.0020000000000000018,0.0564,0.0564,2000
Heavy_Tails,1.0,2000,Sandwich_HC3,0.9545,0.0045000000000000595,0.0557,0.0557,2000
Heavy_Tails,1.0,2000,Sandwich_HC4,0.955,0.0050000000000000044,0.0559,0.0559,2000
Heavy_Tails,1.0,2000,Sandwich_HC5,0.9545,0.0045000000000000595,0.0558,0.0558,2000
Heavy_Tails,1.0,2000,Pairs_Bootstrap,0.936,0.013999999999999901,0.0528,0.0528,500
Heavy_Tails,1.0,2000,Wild_Bootstrap,0.942,0.008000000000000007,0.0511,0.0511,500
Heavy_Tails,1.0,2000,Bootstrap_t,0.92,0.029999999999999916,0.0576,0.0576,500
Heavy_Tails,1.0,2000,AKS_Adaptive,0.9655,0.01550000000000007,0.0568,0.0568,2000
Heavy_Tails,1.0,2000,AMRI_v1,0.9655,0.01550000000000007,0.0579,0.0579,2000
Heavy_Tails,1.0,2000,AMRI_v2,0.9555,0.00550000000000006,0.0558,0.0558,2000
Nonlinear,0.0,100,Naive_OLS,0.9445,0.005499999999999949,0.4009,0.4009,2000
Nonlinear,0.0,100,Sandwich_HC3,0.9435,0.00649999999999995,0.404,0.404,2000
Nonlinear,0.0,100,Sandwich_HC4,0.9545,0.0045000000000000595,0.4387,0.4387,2000
Nonlinear,0.0,100,Sandwich_HC5,0.946,0.0040000000000000036,0.4142,0.4142,2000
Nonlinear,0.0,100,Pairs_Bootstrap,0.92,0.029999999999999916,0.389,0.389,500
Nonlinear,0.0,100,Wild_Bootstrap,0.916,0.03399999999999992,0.3788,0.3788,500
Nonlinear,0.0,100,Bootstrap_t,0.928,0.02199999999999991,0.4055,0.4055,500
Nonlinear,0.0,100,AKS_Adaptive,0.944,0.006000000000000005,0.3983,0.3983,2000
Nonlinear,0.0,100,AMRI_v1,0.9455,0.0044999999999999485,0.4059,0.4059,2000
Nonlinear,0.0,100,AMRI_v2,0.9455,0.0044999999999999485,0.4055,0.4055,2000
Nonlinear,0.0,500,Naive_OLS,0.9565,0.006500000000000061,0.1763,0.1763,2000
Nonlinear,0.0,500,Sandwich_HC3,0.9545,0.0045000000000000595,0.1764,0.1764,2000
Nonlinear,0.0,500,Sandwich_HC4,0.959,0.009000000000000008,0.179,0.179,2000
Nonlinear,0.0,500,Sandwich_HC5,0.956,0.006000000000000005,0.1772,0.1772,2000
Nonlinear,0.0,500,Pairs_Bootstrap,0.956,0.006000000000000005,0.1737,0.1737,500
Nonlinear,0.0,500,Wild_Bootstrap,0.948,0.0020000000000000018,0.1728,0.1728,500
Nonlinear,0.0,500,Bootstrap_t,0.94,0.010000000000000009,0.1749,0.1749,500
Nonlinear,0.0,500,AKS_Adaptive,0.9555,0.00550000000000006,0.176,0.176,2000
Nonlinear,0.0,500,AMRI_v1,0.9575,0.007500000000000062,0.1769,0.1769,2000
Nonlinear,0.0,500,AMRI_v2,0.957,0.007000000000000006,0.1766,0.1766,2000
Nonlinear,0.0,2000,Naive_OLS,0.953,0.0030000000000000027,0.0878,0.0878,2000
Nonlinear,0.0,2000,Sandwich_HC3,0.9545,0.0045000000000000595,0.0878,0.0878,2000
Nonlinear,0.0,2000,Sandwich_HC4,0.9555,0.00550000000000006,0.0881,0.0881,2000
Nonlinear,0.0,2000,Sandwich_HC5,0.9545,0.0045000000000000595,0.0879,0.0879,2000
Nonlinear,0.0,2000,Pairs_Bootstrap,0.944,0.006000000000000005,0.0864,0.0864,500
Nonlinear,0.0,2000,Wild_Bootstrap,0.948,0.0020000000000000018,0.0861,0.0861,500
Nonlinear,0.0,2000,Bootstrap_t,0.956,0.006000000000000005,0.0865,0.0865,500
Nonlinear,0.0,2000,AKS_Adaptive,0.953,0.0030000000000000027,0.0877,0.0877,2000
Nonlinear,0.0,2000,AMRI_v1,0.953,0.0030000000000000027,0.088,0.088,2000
Nonlinear,0.0,2000,AMRI_v2,0.953,0.0030000000000000027,0.0878,0.0878,2000
Nonlinear,0.25,100,Naive_OLS,0.897,0.052999999999999936,0.4237,0.4237,2000
Nonlinear,0.25,100,Sandwich_HC3,0.939,0.01100000000000001,0.5034,0.5034,2000
Nonlinear,0.25,100,Sandwich_HC4,0.9625,0.012500000000000067,0.5795,0.5795,2000
Nonlinear,0.25,100,Sandwich_HC5,0.9475,0.0024999999999999467,0.5286,0.5286,2000
Nonlinear,0.25,100,Pairs_Bootstrap,0.922,0.027999999999999914,0.4745,0.4745,500
Nonlinear,0.25,100,Wild_Bootstrap,0.908,0.041999999999999926,0.4609,0.4609,500
Nonlinear,0.25,100,Bootstrap_t,0.922,0.027999999999999914,0.5239,0.5239,500
Nonlinear,0.25,100,AKS_Adaptive,0.914,0.03599999999999992,0.4617,0.4617,2000
Nonlinear,0.25,100,AMRI_v1,0.9305,0.019499999999999962,0.5022,0.5022,2000
Nonlinear,0.25,100,AMRI_v2,0.934,0.015999999999999903,0.4966,0.4966,2000
Nonlinear,0.25,500,Naive_OLS,0.8915,0.058499999999999996,0.1868,0.1868,2000
Nonlinear,0.25,500,Sandwich_HC3,0.9435,0.00649999999999995,0.224,0.224,2000
Nonlinear,0.25,500,Sandwich_HC4,0.949,0.0010000000000000009,0.2304,0.2304,2000
Nonlinear,0.25,500,Sandwich_HC5,0.944,0.006000000000000005,0.2265,0.2265,2000
Nonlinear,0.25,500,Pairs_Bootstrap,0.92,0.029999999999999916,0.2195,0.2195,500
Nonlinear,0.25,500,Wild_Bootstrap,0.928,0.02199999999999991,0.2187,0.2187,500
Nonlinear,0.25,500,Bootstrap_t,0.934,0.015999999999999903,0.2246,0.2246,500
Nonlinear,0.25,500,AKS_Adaptive,0.929,0.020999999999999908,0.2112,0.2112,2000
Nonlinear,0.25,500,AMRI_v1,0.9525,0.0025000000000000577,0.2341,0.2341,2000
Nonlinear,0.25,500,AMRI_v2,0.943,0.007000000000000006,0.2241,0.2241,2000
Nonlinear,0.25,2000,Naive_OLS,0.8975,0.05249999999999999,0.0931,0.0931,2000
Nonlinear,0.25,2000,Sandwich_HC3,0.951,0.0010000000000000009,0.1118,0.1118,2000
Nonlinear,0.25,2000,Sandwich_HC4,0.9525,0.0025000000000000577,0.1126,0.1126,2000
Nonlinear,0.25,2000,Sandwich_HC5,0.952,0.0020000000000000018,0.1122,0.1122,2000
Nonlinear,0.25,2000,Pairs_Bootstrap,0.95,0.0,0.11,0.11,500
Nonlinear,0.25,2000,Wild_Bootstrap,0.944,0.006000000000000005,0.1098,0.1098,500
Nonlinear,0.25,2000,Bootstrap_t,0.958,0.008000000000000007,0.1107,0.1107,500
Nonlinear,0.25,2000,AKS_Adaptive,0.944,0.006000000000000005,0.1086,0.1086,2000
Nonlinear,0.25,2000,AMRI_v1,0.9595,0.009500000000000064,0.1175,0.1175,2000
Nonlinear,0.25,2000,AMRI_v2,0.951,0.0010000000000000009,0.1119,0.1119,2000
Nonlinear,0.5,100,Naive_OLS,0.807,0.1429999999999999,0.4856,0.4856,2000
Nonlinear,0.5,100,Sandwich_HC3,0.937,0.0129999999999999,0.7217,0.7217,2000
Nonlinear,0.5,100,Sandwich_HC4,0.964,0.014000000000000012,0.8723,0.8723,2000
Nonlinear,0.5,100,Sandwich_HC5,0.9485,0.0014999999999999458,0.7735,0.7735,2000
Nonlinear,0.5,100,Pairs_Bootstrap,0.906,0.04399999999999993,0.6641,0.6641,500
Nonlinear,0.5,100,Wild_Bootstrap,0.894,0.05599999999999994,0.6459,0.6459,500
Nonlinear,0.5,100,Bootstrap_t,0.926,0.02399999999999991,0.7823,0.7823,500
Nonlinear,0.5,100,AKS_Adaptive,0.911,0.038999999999999924,0.6687,0.6687,2000
Nonlinear,0.5,100,AMRI_v1,0.944,0.006000000000000005,0.759,0.759,2000
Nonlinear,0.5,100,AMRI_v2,0.937,0.0129999999999999,0.7274,0.7274,2000
Nonlinear,0.5,500,Naive_OLS,0.7915,0.15849999999999997,0.2154,0.2154,2000
Nonlinear,0.5,500,Sandwich_HC3,0.947,0.0030000000000000027,0.327,0.327,2000
Nonlinear,0.5,500,Sandwich_HC4,0.9535,0.0035000000000000586,0.3401,0.3401,2000
Nonlinear,0.5,500,Sandwich_HC5,0.9485,0.0014999999999999458,0.3324,0.3324,2000
Nonlinear,0.5,500,Pairs_Bootstrap,0.922,0.027999999999999914,0.3187,0.3187,500
Nonlinear,0.5,500,Wild_Bootstrap,0.924,0.025999999999999912,0.3171,0.3171,500
Nonlinear,0.5,500,Bootstrap_t,0.918,0.03199999999999992,0.3319,0.3319,500
Nonlinear,0.5,500,AKS_Adaptive,0.9335,0.01649999999999996,0.3166,0.3166,2000
Nonlinear,0.5,500,AMRI_v1,0.9585,0.008500000000000063,0.3442,0.3442,2000
Nonlinear,0.5,500,AMRI_v2,0.9475,0.0024999999999999467,0.3278,0.3278,2000
Nonlinear,0.5,2000,Naive_OLS,0.796,0.15399999999999991,0.1074,0.1074,2000
Nonlinear,0.5,2000,Sandwich_HC3,0.95,0.0,0.1639,0.1639,2000
Nonlinear,0.5,2000,Sandwich_HC4,0.953,0.0030000000000000027,0.1655,0.1655,2000
Nonlinear,0.5,2000,Sandwich_HC5,0.9505,0.000500000000000056,0.1646,0.1646,2000
Nonlinear,0.5,2000,Pairs_Bootstrap,0.958,0.008000000000000007,0.1615,0.1615,500
Nonlinear,0.5,2000,Wild_Bootstrap,0.956,0.006000000000000005,0.1611,0.1611,500
Nonlinear,0.5,2000,Bootstrap_t,0.958,0.008000000000000007,0.1631,0.1631,500
Nonlinear,0.5,2000,AKS_Adaptive,0.9465,0.0034999999999999476,0.1613,0.1613,2000
Nonlinear,0.5,2000,AMRI_v1,0.962,0.01200000000000001,0.1722,0.1722,2000
Nonlinear,0.5,2000,AMRI_v2,0.9505,0.000500000000000056,0.164,0.164,2000
Nonlinear,0.75,100,Naive_OLS,0.739,0.21099999999999997,0.5735,0.5735,2000
Nonlinear,0.75,100,Sandwich_HC3,0.9385,0.011499999999999955,0.9823,0.9823,2000
Nonlinear,0.75,100,Sandwich_HC4,0.9685,0.018500000000000072,1.2112,1.2112,2000
Nonlinear,0.75,100,Sandwich_HC5,0.949,0.0010000000000000009,1.0617,1.0617,2000
Nonlinear,0.75,100,Pairs_Bootstrap,0.91,0.039999999999999925,0.8953,0.8953,500
Nonlinear,0.75,100,Wild_Bootstrap,0.904,0.04599999999999993,0.8697,0.8697,500
Nonlinear,0.75,100,Bootstrap_t,0.92,0.029999999999999916,1.0864,1.0864,500
Nonlinear,0.75,100,AKS_Adaptive,0.9215,0.02849999999999997,0.9285,0.9285,2000
Nonlinear,0.75,100,AMRI_v1,0.952,0.0020000000000000018,1.0428,1.0428,2000
Nonlinear,0.75,100,AMRI_v2,0.941,0.009000000000000008,0.994,0.994,2000
Nonlinear,0.75,500,Naive_OLS,0.729,0.22099999999999997,0.2559,0.2559,2000
Nonlinear,0.75,500,Sandwich_HC3,0.943,0.007000000000000006,0.4488,0.4488,2000
Nonlinear,0.75,500,Sandwich_HC4,0.953,0.0030000000000000027,0.4689,0.4689,2000
Nonlinear,0.75,500,Sandwich_HC5,0.948,0.0020000000000000018,0.4571,0.4571,2000
Nonlinear,0.75,500,Pairs_Bootstrap,0.92,0.029999999999999916,0.4369,0.4369,500
Nonlinear,0.75,500,Wild_Bootstrap,0.916,0.03399999999999992,0.4346,0.4346,500
Nonlinear,0.75,500,Bootstrap_t,0.914,0.03599999999999992,0.4573,0.4573,500
Nonlinear,0.75,500,AKS_Adaptive,0.935,0.014999999999999902,0.4386,0.4386,2000
Nonlinear,0.75,500,AMRI_v1,0.9565,0.006500000000000061,0.4724,0.4724,2000
Nonlinear,0.75,500,AMRI_v2,0.943,0.007000000000000006,0.4499,0.4499,2000
Nonlinear,0.75,2000,Naive_OLS,0.718,0.23199999999999998,0.1278,0.1278,2000
Nonlinear,0.75,2000,Sandwich_HC3,0.9535,0.0035000000000000586,0.2253,0.2253,2000
Nonlinear,0.75,2000,Sandwich_HC4,0.9555,0.00550000000000006,0.2279,0.2279,2000
Nonlinear,0.75,2000,Sandwich_HC5,0.954,0.0040000000000000036,0.2265,0.2265,2000
Nonlinear,0.75,2000,Pairs_Bootstrap,0.968,0.018000000000000016,0.2222,0.2222,500
Nonlinear,0.75,2000,Wild_Bootstrap,0.966,0.016000000000000014,0.2211,0.2211,500
Nonlinear,0.75,2000,Bootstrap_t,0.966,0.016000000000000014,0.2248,0.2248,500
Nonlinear,0.75,2000,AKS_Adaptive,0.949,0.0010000000000000009,0.2228,0.2228,2000
Nonlinear,0.75,2000,AMRI_v1,0.9645,0.014500000000000068,0.2368,0.2368,2000
Nonlinear,0.75,2000,AMRI_v2,0.954,0.0040000000000000036,0.2255,0.2255,2000
Nonlinear,1.0,100,Naive_OLS,0.6975,0.25249999999999995,0.6774,0.6774,2000
Nonlinear,1.0,100,Sandwich_HC3,0.9405,0.009499999999999953,1.2594,1.2594,2000
Nonlinear,1.0,100,Sandwich_HC4,0.9675,0.01750000000000007,1.5668,1.5668,2000
Nonlinear,1.0,100,Sandwich_HC5,0.951,0.0010000000000000009,1.3664,1.3664,2000
Nonlinear,1.0,100,Pairs_Bootstrap,0.912,0.03799999999999992,1.1406,1.1406,500
Nonlinear,1.0,100,Wild_Bootstrap,0.902,0.04799999999999993,1.1089,1.1089,500
Nonlinear,1.0,100,Bootstrap_t,0.918,0.03199999999999992,1.4084,1.4084,500
Nonlinear,1.0,100,AKS_Adaptive,0.928,0.02199999999999991,1.2023,1.2023,2000
Nonlinear,1.0,100,AMRI_v1,0.951,0.0010000000000000009,1.3389,1.3389,2000
Nonlinear,1.0,100,AMRI_v2,0.946,0.0040000000000000036,1.2751,1.2751,2000
Nonlinear,1.0,500,Naive_OLS,0.6895,0.26049999999999995,0.3037,0.3037,2000
Nonlinear,1.0,500,Sandwich_HC3,0.942,0.008000000000000007,0.5776,0.5776,2000
Nonlinear,1.0,500,Sandwich_HC4,0.9525,0.0025000000000000577,0.6047,0.6047,2000
Nonlinear,1.0,500,Sandwich_HC5,0.9465,0.0034999999999999476,0.5888,0.5888,2000
Nonlinear,1.0,500,Pairs_Bootstrap,0.916,0.03399999999999992,0.5617,0.5617,500
Nonlinear,1.0,500,Wild_Bootstrap,0.91,0.039999999999999925,0.559,0.559,500
Nonlinear,1.0,500,Bootstrap_t,0.914,0.03599999999999992,0.5891,0.5891,500
Nonlinear,1.0,500,AKS_Adaptive,0.9365,0.013499999999999956,0.5666,0.5666,2000
Nonlinear,1.0,500,AMRI_v1,0.953,0.0030000000000000027,0.608,0.608,2000
Nonlinear,1.0,500,AMRI_v2,0.944,0.006000000000000005,0.5791,0.5791,2000
Nonlinear,1.0,2000,Naive_OLS,0.6735,0.27649999999999997,0.1518,0.1518,2000
Nonlinear,1.0,2000,Sandwich_HC3,0.9555,0.00550000000000006,0.2903,0.2903,2000
Nonlinear,1.0,2000,Sandwich_HC4,0.9575,0.007500000000000062,0.2937,0.2937,2000
Nonlinear,1.0,2000,Sandwich_HC5,0.956,0.006000000000000005,0.2918,0.2918,2000
Nonlinear,1.0,2000,Pairs_Bootstrap,0.968,0.018000000000000016,0.2862,0.2862,500
Nonlinear,1.0,2000,Wild_Bootstrap,0.97,0.020000000000000018,0.2848,0.2848,500
Nonlinear,1.0,2000,Bootstrap_t,0.97,0.020000000000000018,0.2896,0.2896,500
Nonlinear,1.0,2000,AKS_Adaptive,0.9535,0.0035000000000000586,0.2875,0.2875,2000
Nonlinear,1.0,2000,AMRI_v1,0.964,0.014000000000000012,0.305,0.305,2000
Nonlinear,1.0,2000,AMRI_v2,0.9555,0.00550000000000006,0.2904,0.2904,2000
Omitted_Variable,0.0,100,Naive_OLS,0.949,0.0010000000000000009,0.4009,0.4009,2000
Omitted_Variable,0.0,100,Sandwich_HC3,0.946,0.0040000000000000036,0.402,0.402,2000
Omitted_Variable,0.0,100,Sandwich_HC4,0.9625,0.012500000000000067,0.4356,0.4356,2000
Omitted_Variable,0.0,100,Sandwich_HC5,0.9515,0.0015000000000000568,0.4117,0.4117,2000
Omitted_Variable,0.0,100,Pairs_Bootstrap,0.934,0.015999999999999903,0.3878,0.3878,500
Omitted_Variable,0.0,100,Wild_Bootstrap,0.926,0.02399999999999991,0.378,0.378,500
Omitted_Variable,0.0,100,Bootstrap_t,0.95,0.0,0.4038,0.4038,500
Omitted_Variable,0.0,100,AKS_Adaptive,0.9475,0.0024999999999999467,0.3985,0.3985,2000
Omitted_Variable,0.0,100,AMRI_v1,0.9505,0.000500000000000056,0.4056,0.4056,2000
Omitted_Variable,0.0,100,AMRI_v2,0.95,0.0,0.4049,0.4049,2000
Omitted_Variable,0.0,500,Naive_OLS,0.9585,0.008500000000000063,0.1762,0.1762,2000
Omitted_Variable,0.0,500,Sandwich_HC3,0.9575,0.007500000000000062,0.1765,0.1765,2000
Omitted_Variable,0.0,500,Sandwich_HC4,0.9595,0.009500000000000064,0.1792,0.1792,2000
Omitted_Variable,0.0,500,Sandwich_HC5,0.958,0.008000000000000007,0.1774,0.1774,2000
Omitted_Variable,0.0,500,Pairs_Bootstrap,0.956,0.006000000000000005,0.1747,0.1747,500
Omitted_Variable,0.0,500,Wild_Bootstrap,0.95,0.0,0.1725,0.1725,500
Omitted_Variable,0.0,500,Bootstrap_t,0.952,0.0020000000000000018,0.1759,0.1759,500
Omitted_Variable,0.0,500,AKS_Adaptive,0.9575,0.007500000000000062,0.176,0.176,2000
Omitted_Variable,0.0,500,AMRI_v1,0.958,0.008000000000000007,0.1772,0.1772,2000
Omitted_Variable,0.0,500,AMRI_v2,0.9575,0.007500000000000062,0.1768,0.1768,2000
Omitted_Variable,0.0,2000,Naive_OLS,0.955,0.0050000000000000044,0.0877,0.0877,2000
Omitted_Variable,0.0,2000,Sandwich_HC3,0.9535,0.0035000000000000586,0.0877,0.0877,2000
Omitted_Variable,0.0,2000,Sandwich_HC4,0.9545,0.0045000000000000595,0.088,0.088,2000
Omitted_Variable,0.0,2000,Sandwich_HC5,0.954,0.0040000000000000036,0.0878,0.0878,2000
Omitted_Variable,0.0,2000,Pairs_Bootstrap,0.948,0.0020000000000000018,0.0859,0.0859,500
Omitted_Variable,0.0,2000,Wild_Bootstrap,0.942,0.008000000000000007,0.0858,0.0858,500
Omitted_Variable,0.0,2000,Bootstrap_t,0.944,0.006000000000000005,0.0861,0.0861,500
Omitted_Variable,0.0,2000,AKS_Adaptive,0.955,0.0050000000000000044,0.0877,0.0877,2000
Omitted_Variable,0.0,2000,AMRI_v1,0.9565,0.006500000000000061,0.0879,0.0879,2000
Omitted_Variable,0.0,2000,AMRI_v2,0.9555,0.00550000000000006,0.0877,0.0877,2000
Omitted_Variable,0.25,100,Naive_OLS,0.9525,0.0025000000000000577,0.4102,0.4102,2000
Omitted_Variable,0.25,100,Sandwich_HC3,0.946,0.0040000000000000036,0.4113,0.4113,2000
Omitted_Variable,0.25,100,Sandwich_HC4,0.966,0.016000000000000014,0.4456,0.4456,2000
Omitted_Variable,0.25,100,Sandwich_HC5,0.9505,0.000500000000000056,0.4213,0.4213,2000
Omitted_Variable,0.25,100,Pairs_Bootstrap,0.94,0.010000000000000009,0.3968,0.3968,500
Omitted_Variable,0.25,100,Wild_Bootstrap,0.918,0.03199999999999992,0.3867,0.3867,500
Omitted_Variable,0.25,100,Bootstrap_t,0.936,0.013999999999999901,0.413,0.413,500
Omitted_Variable,0.25,100,AKS_Adaptive,0.9505,0.000500000000000056,0.4077,0.4077,2000
Omitted_Variable,0.25,100,AMRI_v1,0.9525,0.0025000000000000577,0.4149,0.4149,2000
Omitted_Variable,0.25,100,AMRI_v2,0.9515,0.0015000000000000568,0.414,0.414,2000
Omitted_Variable,0.25,500,Naive_OLS,0.9595,0.009500000000000064,0.1803,0.1803,2000
Omitted_Variable,0.25,500,Sandwich_HC3,0.96,0.010000000000000009,0.1805,0.1805,2000
Omitted_Variable,0.25,500,Sandwich_HC4,0.9615,0.011500000000000066,0.1832,0.1832,2000
Omitted_Variable,0.25,500,Sandwich_HC5,0.9605,0.010500000000000065,0.1814,0.1814,2000
Omitted_Variable,0.25,500,Pairs_Bootstrap,0.95,0.0,0.1786,0.1786,500
Omitted_Variable,0.25,500,Wild_Bootstrap,0.94,0.010000000000000009,0.1757,0.1757,500
Omitted_Variable,0.25,500,Bootstrap_t,0.94,0.010000000000000009,0.1801,0.1801,500
Omitted_Variable,0.25,500,AKS_Adaptive,0.9595,0.009500000000000064,0.18,0.18,2000
Omitted_Variable,0.25,500,AMRI_v1,0.96,0.010000000000000009,0.1811,0.1811,2000
Omitted_Variable,0.25,500,AMRI_v2,0.959,0.009000000000000008,0.1807,0.1807,2000
Omitted_Variable,0.25,2000,Naive_OLS,0.9535,0.0035000000000000586,0.0898,0.0898,2000
Omitted_Variable,0.25,2000,Sandwich_HC3,0.951,0.0010000000000000009,0.0898,0.0898,2000
Omitted_Variable,0.25,2000,Sandwich_HC4,0.953,0.0030000000000000027,0.0901,0.0901,2000
Omitted_Variable,0.25,2000,Sandwich_HC5,0.952,0.0020000000000000018,0.0899,0.0899,2000
Omitted_Variable,0.25,2000,Pairs_Bootstrap,0.954,0.0040000000000000036,0.0878,0.0878,500
Omitted_Variable,0.25,2000,Wild_Bootstrap,0.948,0.0020000000000000018,0.0881,0.0881,500
Omitted_Variable,0.25,2000,Bootstrap_t,0.948,0.0020000000000000018,0.0881,0.0881,500
Omitted_Variable,0.25,2000,AKS_Adaptive,0.9535,0.0035000000000000586,0.0897,0.0897,2000
Omitted_Variable,0.25,2000,AMRI_v1,0.954,0.0040000000000000036,0.09,0.09,2000
Omitted_Variable,0.25,2000,AMRI_v2,0.9535,0.0035000000000000586,0.0898,0.0898,2000
Omitted_Variable,0.5,100,Naive_OLS,0.9455,0.0044999999999999485,0.4369,0.4369,2000
Omitted_Variable,0.5,100,Sandwich_HC3,0.9485,0.0014999999999999458,0.4382,0.4382,2000
Omitted_Variable,0.5,100,Sandwich_HC4,0.9635,0.013500000000000068,0.4746,0.4746,2000
Omitted_Variable,0.5,100,Sandwich_HC5,0.951,0.0010000000000000009,0.4488,0.4488,2000
Omitted_Variable,0.5,100,Pairs_Bootstrap,0.934,0.015999999999999903,0.4226,0.4226,500
Omitted_Variable,0.5,100,Wild_Bootstrap,0.914,0.03599999999999992,0.4117,0.4117,500
Omitted_Variable,0.5,100,Bootstrap_t,0.934,0.015999999999999903,0.4392,0.4392,500
Omitted_Variable,0.5,100,AKS_Adaptive,0.9445,0.005499999999999949,0.4341,0.4341,2000
Omitted_Variable,0.5,100,AMRI_v1,0.947,0.0030000000000000027,0.4414,0.4414,2000
Omitted_Variable,0.5,100,AMRI_v2,0.9475,0.0024999999999999467,0.4405,0.4405,2000
Omitted_Variable,0.5,500,Naive_OLS,0.9635,0.013500000000000068,0.192,0.192,2000
Omitted_Variable,0.5,500,Sandwich_HC3,0.962,0.01200000000000001,0.1922,0.1922,2000
Omitted_Variable,0.5,500,Sandwich_HC4,0.965,0.015000000000000013,0.195,0.195,2000
Omitted_Variable,0.5,500,Sandwich_HC5,0.963,0.013000000000000012,0.1931,0.1931,2000
Omitted_Variable,0.5,500,Pairs_Bootstrap,0.958,0.008000000000000007,0.1899,0.1899,500
Omitted_Variable,0.5,500,Wild_Bootstrap,0.95,0.0,0.1866,0.1866,500
Omitted_Variable,0.5,500,Bootstrap_t,0.948,0.0020000000000000018,0.1916,0.1916,500
Omitted_Variable,0.5,500,AKS_Adaptive,0.964,0.014000000000000012,0.1917,0.1917,2000
Omitted_Variable,0.5,500,AMRI_v1,0.964,0.014000000000000012,0.1928,0.1928,2000
Omitted_Variable,0.5,500,AMRI_v2,0.964,0.014000000000000012,0.1923,0.1923,2000
Omitted_Variable,0.5,2000,Naive_OLS,0.955,0.0050000000000000044,0.0956,0.0956,2000
Omitted_Variable,0.5,2000,Sandwich_HC3,0.9535,0.0035000000000000586,0.0956,0.0956,2000
Omitted_Variable,0.5,2000,Sandwich_HC4,0.9535,0.0035000000000000586,0.096,0.096,2000
Omitted_Variable,0.5,2000,Sandwich_HC5,0.9535,0.0035000000000000586,0.0958,0.0958,2000
Omitted_Variable,0.5,2000,Pairs_Bootstrap,0.952,0.0020000000000000018,0.0937,0.0937,500
Omitted_Variable,0.5,2000,Wild_Bootstrap,0.954,0.0040000000000000036,0.0942,0.0942,500
Omitted_Variable,0.5,2000,Bootstrap_t,0.946,0.0040000000000000036,0.0939,0.0939,500
Omitted_Variable,0.5,2000,AKS_Adaptive,0.954,0.0040000000000000036,0.0956,0.0956,2000
Omitted_Variable,0.5,2000,AMRI_v1,0.9555,0.00550000000000006,0.0959,0.0959,2000
Omitted_Variable,0.5,2000,AMRI_v2,0.9555,0.00550000000000006,0.0957,0.0957,2000
Omitted_Variable,0.75,100,Naive_OLS,0.9495,0.0004999999999999449,0.4782,0.4782,2000
Omitted_Variable,0.75,100,Sandwich_HC3,0.9485,0.0014999999999999458,0.4796,0.4796,2000
Omitted_Variable,0.75,100,Sandwich_HC4,0.965,0.015000000000000013,0.5195,0.5195,2000
Omitted_Variable,0.75,100,Sandwich_HC5,0.9545,0.0045000000000000595,0.4912,0.4912,2000
Omitted_Variable,0.75,100,Pairs_Bootstrap,0.932,0.017999999999999905,0.463,0.463,500
Omitted_Variable,0.75,100,Wild_Bootstrap,0.916,0.03399999999999992,0.4501,0.4501,500
Omitted_Variable,0.75,100,Bootstrap_t,0.932,0.017999999999999905,0.4801,0.4801,500
Omitted_Variable,0.75,100,AKS_Adaptive,0.9485,0.0014999999999999458,0.4751,0.4751,2000
Omitted_Variable,0.75,100,AMRI_v1,0.95,0.0,0.4824,0.4824,2000
Omitted_Variable,0.75,100,AMRI_v2,0.9505,0.000500000000000056,0.4821,0.4821,2000
Omitted_Variable,0.75,500,Naive_OLS,0.9635,0.013500000000000068,0.2101,0.2101,2000
Omitted_Variable,0.75,500,Sandwich_HC3,0.962,0.01200000000000001,0.2102,0.2102,2000
Omitted_Variable,0.75,500,Sandwich_HC4,0.965,0.015000000000000013,0.2134,0.2134,2000
Omitted_Variable,0.75,500,Sandwich_HC5,0.9625,0.012500000000000067,0.2112,0.2112,2000
Omitted_Variable,0.75,500,Pairs_Bootstrap,0.948,0.0020000000000000018,0.2076,0.2076,500
Omitted_Variable,0.75,500,Wild_Bootstrap,0.952,0.0020000000000000018,0.2042,0.2042,500
Omitted_Variable,0.75,500,Bootstrap_t,0.946,0.0040000000000000036,0.2092,0.2092,500
Omitted_Variable,0.75,500,AKS_Adaptive,0.9625,0.012500000000000067,0.2098,0.2098,2000
Omitted_Variable,0.75,500,AMRI_v1,0.9635,0.013500000000000068,0.2108,0.2108,2000
Omitted_Variable,0.75,500,AMRI_v2,0.9635,0.013500000000000068,0.2105,0.2105,2000
Omitted_Variable,0.75,2000,Naive_OLS,0.9535,0.0035000000000000586,0.1046,0.1046,2000
Omitted_Variable,0.75,2000,Sandwich_HC3,0.9545,0.0045000000000000595,0.1047,0.1047,2000
Omitted_Variable,0.75,2000,Sandwich_HC4,0.9555,0.00550000000000006,0.1051,0.1051,2000
Omitted_Variable,0.75,2000,Sandwich_HC5,0.9545,0.0045000000000000595,0.1048,0.1048,2000
Omitted_Variable,0.75,2000,Pairs_Bootstrap,0.946,0.0040000000000000036,0.1025,0.1025,500
Omitted_Variable,0.75,2000,Wild_Bootstrap,0.95,0.0,0.1031,0.1031,500
Omitted_Variable,0.75,2000,Bootstrap_t,0.944,0.006000000000000005,0.1028,0.1028,500
Omitted_Variable,0.75,2000,AKS_Adaptive,0.954,0.0040000000000000036,0.1046,0.1046,2000
Omitted_Variable,0.75,2000,AMRI_v1,0.954,0.0040000000000000036,0.1049,0.1049,2000
Omitted_Variable,0.75,2000,AMRI_v2,0.9535,0.0035000000000000586,0.1047,0.1047,2000
Omitted_Variable,1.0,100,Naive_OLS,0.95,0.0,0.5305,0.5305,2000
Omitted_Variable,1.0,100,Sandwich_HC3,0.9525,0.0025000000000000577,0.5322,0.5322,2000
Omitted_Variable,1.0,100,Sandwich_HC4,0.965,0.015000000000000013,0.5764,0.5764,2000
Omitted_Variable,1.0,100,Sandwich_HC5,0.9565,0.006500000000000061,0.5451,0.5451,2000
Omitted_Variable,1.0,100,Pairs_Bootstrap,0.93,0.019999999999999907,0.5143,0.5143,500
Omitted_Variable,1.0,100,Wild_Bootstrap,0.916,0.03399999999999992,0.4992,0.4992,500
Omitted_Variable,1.0,100,Bootstrap_t,0.938,0.01200000000000001,0.5327,0.5327,500
Omitted_Variable,1.0,100,AKS_Adaptive,0.949,0.0010000000000000009,0.527,0.527,2000
Omitted_Variable,1.0,100,AMRI_v1,0.951,0.0010000000000000009,0.5356,0.5356,2000
Omitted_Variable,1.0,100,AMRI_v2,0.9515,0.0015000000000000568,0.5352,0.5352,2000
Omitted_Variable,1.0,500,Naive_OLS,0.9595,0.009500000000000064,0.2331,0.2331,2000
Omitted_Variable,1.0,500,Sandwich_HC3,0.958,0.008000000000000007,0.2332,0.2332,2000
Omitted_Variable,1.0,500,Sandwich_HC4,0.961,0.01100000000000001,0.2367,0.2367,2000
Omitted_Variable,1.0,500,Sandwich_HC5,0.959,0.009000000000000008,0.2343,0.2343,2000
Omitted_Variable,1.0,500,Pairs_Bootstrap,0.948,0.0020000000000000018,0.2297,0.2297,500
Omitted_Variable,1.0,500,Wild_Bootstrap,0.94,0.010000000000000009,0.2266,0.2266,500
Omitted_Variable,1.0,500,Bootstrap_t,0.944,0.006000000000000005,0.2317,0.2317,500
Omitted_Variable,1.0,500,AKS_Adaptive,0.959,0.009000000000000008,0.2327,0.2327,2000
Omitted_Variable,1.0,500,AMRI_v1,0.9595,0.009500000000000064,0.2339,0.2339,2000
Omitted_Variable,1.0,500,AMRI_v2,0.96,0.010000000000000009,0.2335,0.2335,2000
Omitted_Variable,1.0,2000,Naive_OLS,0.9545,0.0045000000000000595,0.1161,0.1161,2000
Omitted_Variable,1.0,2000,Sandwich_HC3,0.957,0.007000000000000006,0.1162,0.1162,2000
Omitted_Variable,1.0,2000,Sandwich_HC4,0.9575,0.007500000000000062,0.1166,0.1166,2000
Omitted_Variable,1.0,2000,Sandwich_HC5,0.957,0.007000000000000006,0.1163,0.1163,2000
Omitted_Variable,1.0,2000,Pairs_Bootstrap,0.944,0.006000000000000005,0.1137,0.1137,500
Omitted_Variable,1.0,2000,Wild_Bootstrap,0.946,0.0040000000000000036,0.1145,0.1145,500
Omitted_Variable,1.0,2000,Bootstrap_t,0.942,0.008000000000000007,0.114,0.114,500
Omitted_Variable,1.0,2000,AKS_Adaptive,0.954,0.0040000000000000036,0.116,0.116,2000
Omitted_Variable,1.0,2000,AMRI_v1,0.9545,0.0045000000000000595,0.1164,0.1164,2000
Omitted_Variable,1.0,2000,AMRI_v2,0.955,0.0050000000000000044,0.1162,0.1162,2000
Clustering,0.0,100,Naive_OLS,0.951,0.0010000000000000009,0.4004,0.4004,2000
Clustering,0.0,100,Sandwich_HC3,0.949,0.0010000000000000009,0.4008,0.4008,2000
Clustering,0.0,100,Sandwich_HC4,0.9625,0.012500000000000067,0.4347,0.4347,2000
Clustering,0.0,100,Sandwich_HC5,0.952,0.0020000000000000018,0.4108,0.4108,2000
Clustering,0.0,100,Pairs_Bootstrap,0.94,0.010000000000000009,0.3867,0.3867,500
Clustering,0.0,100,Wild_Bootstrap,0.932,0.017999999999999905,0.3785,0.3785,500
Clustering,0.0,100,Bootstrap_t,0.936,0.013999999999999901,0.4012,0.4012,500
Clustering,0.0,100,AKS_Adaptive,0.9505,0.000500000000000056,0.3981,0.3981,2000
Clustering,0.0,100,AMRI_v1,0.9525,0.0025000000000000577,0.405,0.405,2000
Clustering,0.0,100,AMRI_v2,0.952,0.0020000000000000018,0.4043,0.4043,2000
Clustering,0.0,500,Naive_OLS,0.9535,0.0035000000000000586,0.1761,0.1761,2000
Clustering,0.0,500,Sandwich_HC3,0.9515,0.0015000000000000568,0.1763,0.1763,2000
Clustering,0.0,500,Sandwich_HC4,0.955,0.0050000000000000044,0.1789,0.1789,2000
Clustering,0.0,500,Sandwich_HC5,0.9525,0.0025000000000000577,0.1771,0.1771,2000
Clustering,0.0,500,Pairs_Bootstrap,0.938,0.01200000000000001,0.1732,0.1732,500
Clustering,0.0,500,Wild_Bootstrap,0.948,0.0020000000000000018,0.1731,0.1731,500
Clustering,0.0,500,Bootstrap_t,0.944,0.006000000000000005,0.1746,0.1746,500
Clustering,0.0,500,AKS_Adaptive,0.953,0.0030000000000000027,0.1759,0.1759,2000
Clustering,0.0,500,AMRI_v1,0.9535,0.0035000000000000586,0.1767,0.1767,2000
Clustering,0.0,500,AMRI_v2,0.9525,0.0025000000000000577,0.1765,0.1765,2000
Clustering,0.0,2000,Naive_OLS,0.9405,0.009499999999999953,0.0877,0.0877,2000
Clustering,0.0,2000,Sandwich_HC3,0.941,0.009000000000000008,0.0878,0.0878,2000
Clustering,0.0,2000,Sandwich_HC4,0.9415,0.008499999999999952,0.0881,0.0881,2000
Clustering,0.0,2000,Sandwich_HC5,0.941,0.009000000000000008,0.0879,0.0879,2000
Clustering,0.0,2000,Pairs_Bootstrap,0.928,0.02199999999999991,0.0861,0.0861,500
Clustering,0.0,2000,Wild_Bootstrap,0.932,0.017999999999999905,0.086,0.086,500
Clustering,0.0,2000,Bootstrap_t,0.936,0.013999999999999901,0.0863,0.0863,500
Clustering,0.0,2000,AKS_Adaptive,0.9405,0.009499999999999953,0.0877,0.0877,2000
Clustering,0.0,2000,AMRI_v1,0.942,0.008000000000000007,0.088,0.088,2000
Clustering,0.0,2000,AMRI_v2,0.9415,0.008499999999999952,0.0878,0.0878,2000
Clustering,0.25,100,Naive_OLS,0.9495,0.0004999999999999449,0.4435,0.4435,2000
Clustering,0.25,100,Sandwich_HC3,0.943,0.007000000000000006,0.4443,0.4443,2000
Clustering,0.25,100,Sandwich_HC4,0.959,0.009000000000000008,0.4817,0.4817,2000
Clustering,0.25,100,Sandwich_HC5,0.946,0.0040000000000000036,0.4553,0.4553,2000
Clustering,0.25,100,Pairs_Bootstrap,0.936,0.013999999999999901,0.4265,0.4265,500
Clustering,0.25,100,Wild_Bootstrap,0.93,0.019999999999999907,0.4155,0.4155,500
Clustering,0.25,100,Bootstrap_t,0.944,0.006000000000000005,0.444,0.444,500
Clustering,0.25,100,AKS_Adaptive,0.9475,0.0024999999999999467,0.4407,0.4407,2000
Clustering,0.25,100,AMRI_v1,0.9495,0.0004999999999999449,0.4484,0.4484,2000
Clustering,0.25,100,AMRI_v2,0.9475,0.0024999999999999467,0.4475,0.4475,2000
Clustering,0.25,500,Naive_OLS,0.948,0.0020000000000000018,0.1965,0.1965,2000
Clustering,0.25,500,Sandwich_HC3,0.946,0.0040000000000000036,0.1967,0.1967,2000
Clustering,0.25,500,Sandwich_HC4,0.9485,0.0014999999999999458,0.1996,0.1996,2000
Clustering,0.25,500,Sandwich_HC5,0.9475,0.0024999999999999467,0.1976,0.1976,2000
Clustering,0.25,500,Pairs_Bootstrap,0.948,0.0020000000000000018,0.1942,0.1942,500
Clustering,0.25,500,Wild_Bootstrap,0.938,0.01200000000000001,0.1932,0.1932,500
Clustering,0.25,500,Bootstrap_t,0.936,0.013999999999999901,0.1955,0.1955,500
Clustering,0.25,500,AKS_Adaptive,0.948,0.0020000000000000018,0.1962,0.1962,2000
Clustering,0.25,500,AMRI_v1,0.949,0.0010000000000000009,0.1973,0.1973,2000
Clustering,0.25,500,AMRI_v2,0.9475,0.0024999999999999467,0.197,0.197,2000
Clustering,0.25,2000,Naive_OLS,0.9475,0.0024999999999999467,0.098,0.098,2000
Clustering,0.25,2000,Sandwich_HC3,0.9465,0.0034999999999999476,0.0981,0.0981,2000
Clustering,0.25,2000,Sandwich_HC4,0.9465,0.0034999999999999476,0.0984,0.0984,2000
Clustering,0.25,2000,Sandwich_HC5,0.9465,0.0034999999999999476,0.0982,0.0982,2000
Clustering,0.25,2000,Pairs_Bootstrap,0.944,0.006000000000000005,0.0966,0.0966,500
Clustering,0.25,2000,Wild_Bootstrap,0.936,0.013999999999999901,0.0962,0.0962,500
Clustering,0.25,2000,Bootstrap_t,0.946,0.0040000000000000036,0.0969,0.0969,500
Clustering,0.25,2000,AKS_Adaptive,0.9475,0.0024999999999999467,0.098,0.098,2000
Clustering,0.25,2000,AMRI_v1,0.9475,0.0024999999999999467,0.0983,0.0983,2000
Clustering,0.25,2000,AMRI_v2,0.9465,0.0034999999999999476,0.0981,0.0981,2000
Clustering,0.5,100,Naive_OLS,0.947,0.0030000000000000027,0.4821,0.4821,2000
Clustering,0.5,100,Sandwich_HC3,0.9455,0.0044999999999999485,0.4832,0.4832,2000
Clustering,0.5,100,Sandwich_HC4,0.9585,0.008500000000000063,0.5239,0.5239,2000
Clustering,0.5,100,Sandwich_HC5,0.9495,0.0004999999999999449,0.4952,0.4952,2000
Clustering,0.5,100,Pairs_Bootstrap,0.94,0.010000000000000009,0.4635,0.4635,500
Clustering,0.5,100,Wild_Bootstrap,0.926,0.02399999999999991,0.4512,0.4512,500
Clustering,0.5,100,Bootstrap_t,0.946,0.0040000000000000036,0.4822,0.4822,500
Clustering,0.5,100,AKS_Adaptive,0.946,0.0040000000000000036,0.479,0.479,2000
Clustering,0.5,100,AMRI_v1,0.947,0.0030000000000000027,0.4871,0.4871,2000
Clustering,0.5,100,AMRI_v2,0.9485,0.0014999999999999458,0.4866,0.4866,2000
Clustering,0.5,500,Naive_OLS,0.9455,0.0044999999999999485,0.215,0.215,2000
Clustering,0.5,500,Sandwich_HC3,0.941,0.009000000000000008,0.2151,0.2151,2000
Clustering,0.5,500,Sandwich_HC4,0.946,0.0040000000000000036,0.2183,0.2183,2000
Clustering,0.5,500,Sandwich_HC5,0.9425,0.007499999999999951,0.2161,0.2161,2000
Clustering,0.5,500,Pairs_Bootstrap,0.938,0.01200000000000001,0.2122,0.2122,500
Clustering,0.5,500,Wild_Bootstrap,0.934,0.015999999999999903,0.2112,0.2112,500
Clustering,0.5,500,Bootstrap_t,0.932,0.017999999999999905,0.2139,0.2139,500
Clustering,0.5,500,AKS_Adaptive,0.9445,0.005499999999999949,0.2147,0.2147,2000
Clustering,0.5,500,AMRI_v1,0.9465,0.0034999999999999476,0.2159,0.2159,2000
Clustering,0.5,500,AMRI_v2,0.944,0.006000000000000005,0.2155,0.2155,2000
Clustering,0.5,2000,Naive_OLS,0.9455,0.0044999999999999485,0.1073,0.1073,2000
Clustering,0.5,2000,Sandwich_HC3,0.9455,0.0044999999999999485,0.1074,0.1074,2000
Clustering,0.5,2000,Sandwich_HC4,0.9465,0.0034999999999999476,0.1078,0.1078,2000
Clustering,0.5,2000,Sandwich_HC5,0.946,0.0040000000000000036,0.1075,0.1075,2000
Clustering,0.5,2000,Pairs_Bootstrap,0.94,0.010000000000000009,0.1057,0.1057,500
Clustering,0.5,2000,Wild_Bootstrap,0.936,0.013999999999999901,0.1053,0.1053,500
Clustering,0.5,2000,Bootstrap_t,0.942,0.008000000000000007,0.106,0.106,500
Clustering,0.5,2000,AKS_Adaptive,0.9455,0.0044999999999999485,0.1073,0.1073,2000
Clustering,0.5,2000,AMRI_v1,0.9455,0.0044999999999999485,0.1077,0.1077,2000
Clustering,0.5,2000,AMRI_v2,0.946,0.0040000000000000036,0.1074,0.1074,2000
Clustering,0.75,100,Naive_OLS,0.9495,0.0004999999999999449,0.5176,0.5176,2000
Clustering,0.75,100,Sandwich_HC3,0.944,0.006000000000000005,0.5189,0.5189,2000
Clustering,0.75,100,Sandwich_HC4,0.9605,0.010500000000000065,0.5627,0.5627,2000
Clustering,0.75,100,Sandwich_HC5,0.948,0.0020000000000000018,0.5318,0.5318,2000
Clustering,0.75,100,Pairs_Bootstrap,0.944,0.006000000000000005,0.497,0.497,500
Clustering,0.75,100,Wild_Bootstrap,0.93,0.019999999999999907,0.4845,0.4845,500
Clustering,0.75,100,Bootstrap_t,0.954,0.0040000000000000036,0.5168,0.5168,500
Clustering,0.75,100,AKS_Adaptive,0.95,0.0,0.5142,0.5142,2000
Clustering,0.75,100,AMRI_v1,0.9485,0.0014999999999999458,0.5229,0.5229,2000
Clustering,0.75,100,AMRI_v2,0.9485,0.0014999999999999458,0.5224,0.5224,2000
Clustering,0.75,500,Naive_OLS,0.9465,0.0034999999999999476,0.2319,0.2319,2000
Clustering,0.75,500,Sandwich_HC3,0.9425,0.007499999999999951,0.2321,0.2321,2000
Clustering,0.75,500,Sandwich_HC4,0.945,0.0050000000000000044,0.2355,0.2355,2000
Clustering,0.75,500,Sandwich_HC5,0.944,0.006000000000000005,0.2332,0.2332,2000
Clustering,0.75,500,Pairs_Bootstrap,0.934,0.015999999999999903,0.2287,0.2287,500
Clustering,0.75,500,Wild_Bootstrap,0.93,0.019999999999999907,0.2275,0.2275,500
Clustering,0.75,500,Bootstrap_t,0.932,0.017999999999999905,0.2308,0.2308,500
Clustering,0.75,500,AKS_Adaptive,0.9445,0.005499999999999949,0.2316,0.2316,2000
Clustering,0.75,500,AMRI_v1,0.9475,0.0024999999999999467,0.233,0.233,2000
Clustering,0.75,500,AMRI_v2,0.9465,0.0034999999999999476,0.2325,0.2325,2000
Clustering,0.75,2000,Naive_OLS,0.9435,0.00649999999999995,0.1159,0.1159,2000
Clustering,0.75,2000,Sandwich_HC3,0.9435,0.00649999999999995,0.1159,0.1159,2000
Clustering,0.75,2000,Sandwich_HC4,0.944,0.006000000000000005,0.1164,0.1164,2000
Clustering,0.75,2000,Sandwich_HC5,0.944,0.006000000000000005,0.1161,0.1161,2000
Clustering,0.75,2000,Pairs_Bootstrap,0.944,0.006000000000000005,0.114,0.114,500
Clustering,0.75,2000,Wild_Bootstrap,0.928,0.02199999999999991,0.1139,0.1139,500
Clustering,0.75,2000,Bootstrap_t,0.94,0.010000000000000009,0.1144,0.1144,500
Clustering,0.75,2000,AKS_Adaptive,0.9435,0.00649999999999995,0.1159,0.1159,2000
Clustering,0.75,2000,AMRI_v1,0.9435,0.00649999999999995,0.1162,0.1162,2000
Clustering,0.75,2000,AMRI_v2,0.943,0.007000000000000006,0.116,0.116,2000
Clustering,1.0,100,Naive_OLS,0.948,0.0020000000000000018,0.5506,0.5506,2000
Clustering,1.0,100,Sandwich_HC3,0.943,0.007000000000000006,0.5522,0.5522,2000
Clustering,1.0,100,Sandwich_HC4,0.9595,0.009500000000000064,0.5987,0.5987,2000
Clustering,1.0,100,Sandwich_HC5,0.95,0.0,0.5659,0.5659,2000
Clustering,1.0,100,Pairs_Bootstrap,0.946,0.0040000000000000036,0.5279,0.5279,500
Clustering,1.0,100,Wild_Bootstrap,0.936,0.013999999999999901,0.5151,0.5151,500
Clustering,1.0,100,Bootstrap_t,0.954,0.0040000000000000036,0.5495,0.5495,500
Clustering,1.0,100,AKS_Adaptive,0.9445,0.005499999999999949,0.5469,0.5469,2000
Clustering,1.0,100,AMRI_v1,0.9475,0.0024999999999999467,0.5566,0.5566,2000
Clustering,1.0,100,AMRI_v2,0.948,0.0020000000000000018,0.5557,0.5557,2000
Clustering,1.0,500,Naive_OLS,0.947,0.0030000000000000027,0.2477,0.2477,2000
Clustering,1.0,500,Sandwich_HC3,0.947,0.0030000000000000027,0.2478,0.2478,2000
Clustering,1.0,500,Sandwich_HC4,0.949,0.0010000000000000009,0.2515,0.2515,2000
Clustering,1.0,500,Sandwich_HC5,0.947,0.0030000000000000027,0.249,0.249,2000
Clustering,1.0,500,Pairs_Bootstrap,0.926,0.02399999999999991,0.244,0.244,500
Clustering,1.0,500,Wild_Bootstrap,0.928,0.02199999999999991,0.2426,0.2426,500
Clustering,1.0,500,Bootstrap_t,0.932,0.017999999999999905,0.2461,0.2461,500
Clustering,1.0,500,AKS_Adaptive,0.9465,0.0034999999999999476,0.2474,0.2474,2000
Clustering,1.0,500,AMRI_v1,0.948,0.0020000000000000018,0.2488,0.2488,2000
Clustering,1.0,500,AMRI_v2,0.9465,0.0034999999999999476,0.2482,0.2482,2000
Clustering,1.0,2000,Naive_OLS,0.9435,0.00649999999999995,0.1239,0.1239,2000
Clustering,1.0,2000,Sandwich_HC3,0.943,0.007000000000000006,0.1239,0.1239,2000
Clustering,1.0,2000,Sandwich_HC4,0.945,0.0050000000000000044,0.1244,0.1244,2000
Clustering,1.0,2000,Sandwich_HC5,0.943,0.007000000000000006,0.1241,0.1241,2000
Clustering,1.0,2000,Pairs_Bootstrap,0.946,0.0040000000000000036,0.1218,0.1218,500
Clustering,1.0,2000,Wild_Bootstrap,0.938,0.01200000000000001,0.1219,0.1219,500
Clustering,1.0,2000,Bootstrap_t,0.938,0.01200000000000001,0.1223,0.1223,500
Clustering,1.0,2000,AKS_Adaptive,0.943,0.007000000000000006,0.1238,0.1238,2000
Clustering,1.0,2000,AMRI_v1,0.943,0.007000000000000006,0.1242,0.1242,2000
Clustering,1.0,2000,AMRI_v2,0.9435,0.00649999999999995,0.124,0.124,2000
Contaminated,0.0,100,Naive_OLS,0.952,0.0020000000000000018,0.4006,0.4006,2000
Contaminated,0.0,100,Sandwich_HC3,0.9495,0.0004999999999999449,0.4021,0.4021,2000
Contaminated,0.0,100,Sandwich_HC4,0.9635,0.013500000000000068,0.4362,0.4362,2000
Contaminated,0.0,100,Sandwich_HC5,0.9545,0.0045000000000000595,0.4124,0.4124,2000
Contaminated,0.0,100,Pairs_Bootstrap,0.958,0.008000000000000007,0.3863,0.3863,500
Contaminated,0.0,100,Wild_Bootstrap,0.942,0.008000000000000007,0.3761,0.3761,500
Contaminated,0.0,100,Bootstrap_t,0.96,0.010000000000000009,0.4018,0.4018,500
Contaminated,0.0,100,AKS_Adaptive,0.95,0.0,0.398,0.398,2000
Contaminated,0.0,100,AMRI_v1,0.952,0.0020000000000000018,0.4046,0.4046,2000
Contaminated,0.0,100,AMRI_v2,0.9525,0.0025000000000000577,0.4043,0.4043,2000
Contaminated,0.0,500,Naive_OLS,0.9555,0.00550000000000006,0.1757,0.1757,2000
Contaminated,0.0,500,Sandwich_HC3,0.9575,0.007500000000000062,0.176,0.176,2000
Contaminated,0.0,500,Sandwich_HC4,0.96,0.010000000000000009,0.1787,0.1787,2000
Contaminated,0.0,500,Sandwich_HC5,0.958,0.008000000000000007,0.1769,0.1769,2000
Contaminated,0.0,500,Pairs_Bootstrap,0.948,0.0020000000000000018,0.1729,0.1729,500
Contaminated,0.0,500,Wild_Bootstrap,0.948,0.0020000000000000018,0.1719,0.1719,500
Contaminated,0.0,500,Bootstrap_t,0.954,0.0040000000000000036,0.1744,0.1744,500
Contaminated,0.0,500,AKS_Adaptive,0.9555,0.00550000000000006,0.1755,0.1755,2000
Contaminated,0.0,500,AMRI_v1,0.957,0.007000000000000006,0.1766,0.1766,2000
Contaminated,0.0,500,AMRI_v2,0.9575,0.007500000000000062,0.1762,0.1762,2000
Contaminated,0.0,2000,Naive_OLS,0.9505,0.000500000000000056,0.0878,0.0878,2000
Contaminated,0.0,2000,Sandwich_HC3,0.947,0.0030000000000000027,0.0878,0.0878,2000
Contaminated,0.0,2000,Sandwich_HC4,0.9495,0.0004999999999999449,0.0881,0.0881,2000
Contaminated,0.0,2000,Sandwich_HC5,0.9475,0.0024999999999999467,0.0879,0.0879,2000
Contaminated,0.0,2000,Pairs_Bootstrap,0.94,0.010000000000000009,0.0863,0.0863,500
Contaminated,0.0,2000,Wild_Bootstrap,0.922,0.027999999999999914,0.0863,0.0863,500
Contaminated,0.0,2000,Bootstrap_t,0.944,0.006000000000000005,0.0864,0.0864,500
Contaminated,0.0,2000,AKS_Adaptive,0.9505,0.000500000000000056,0.0877,0.0877,2000
Contaminated,0.0,2000,AMRI_v1,0.951,0.0010000000000000009,0.088,0.088,2000
Contaminated,0.0,2000,AMRI_v2,0.95,0.0,0.0878,0.0878,2000
Contaminated,0.25,100,Naive_OLS,0.948,0.0020000000000000018,0.6543,0.6543,2000
Contaminated,0.25,100,Sandwich_HC3,0.954,0.0040000000000000036,0.6473,0.6473,2000
Contaminated,0.25,100,Sandwich_HC4,0.9675,0.01750000000000007,0.6995,0.6995,2000
Contaminated,0.25,100,Sandwich_HC5,0.9575,0.007500000000000062,0.6632,0.6632,2000
Contaminated,0.25,100,Pairs_Bootstrap,0.922,0.027999999999999914,0.6155,0.6155,500
Contaminated,0.25,100,Wild_Bootstrap,0.93,0.019999999999999907,0.5848,0.5848,500
Contaminated,0.25,100,Bootstrap_t,0.894,0.05599999999999994,0.6748,0.6748,500
Contaminated,0.25,100,AKS_Adaptive,0.961,0.01100000000000001,0.6757,0.6757,2000
Contaminated,0.25,100,AMRI_v1,0.962,0.01200000000000001,0.6716,0.6716,2000
Contaminated,0.25,100,AMRI_v2,0.9585,0.008500000000000063,0.6571,0.6571,2000
Contaminated,0.25,500,Naive_OLS,0.9585,0.008500000000000063,0.2926,0.2926,2000
Contaminated,0.25,500,Sandwich_HC3,0.957,0.007000000000000006,0.2906,0.2906,2000
Contaminated,0.25,500,Sandwich_HC4,0.959,0.009000000000000008,0.2948,0.2948,2000
Contaminated,0.25,500,Sandwich_HC5,0.958,0.008000000000000007,0.2919,0.2919,2000
Contaminated,0.25,500,Pairs_Bootstrap,0.932,0.017999999999999905,0.2843,0.2843,500
Contaminated,0.25,500,Wild_Bootstrap,0.938,0.01200000000000001,0.2809,0.2809,500
Contaminated,0.25,500,Bootstrap_t,0.926,0.02399999999999991,0.2885,0.2885,500
Contaminated,0.25,500,AKS_Adaptive,0.965,0.015000000000000013,0.2962,0.2962,2000
Contaminated,0.25,500,AMRI_v1,0.9645,0.014500000000000068,0.2982,0.2982,2000
Contaminated,0.25,500,AMRI_v2,0.9575,0.007500000000000062,0.2914,0.2914,2000
Contaminated,0.25,2000,Naive_OLS,0.9455,0.0044999999999999485,0.147,0.147,2000
Contaminated,0.25,2000,Sandwich_HC3,0.9455,0.0044999999999999485,0.1469,0.1469,2000
Contaminated,0.25,2000,Sandwich_HC4,0.946,0.0040000000000000036,0.1474,0.1474,2000
Contaminated,0.25,2000,Sandwich_HC5,0.9455,0.0044999999999999485,0.1471,0.1471,2000
Contaminated,0.25,2000,Pairs_Bootstrap,0.938,0.01200000000000001,0.1439,0.1439,500
Contaminated,0.25,2000,Wild_Bootstrap,0.934,0.015999999999999903,0.1434,0.1434,500
Contaminated,0.25,2000,Bootstrap_t,0.928,0.02199999999999991,0.144,0.144,500
Contaminated,0.25,2000,AKS_Adaptive,0.948,0.0020000000000000018,0.1478,0.1478,2000
Contaminated,0.25,2000,AMRI_v1,0.9505,0.000500000000000056,0.1508,0.1508,2000
Contaminated,0.25,2000,AMRI_v2,0.9455,0.0044999999999999485,0.147,0.147,2000
Contaminated,0.5,100,Naive_OLS,0.936,0.013999999999999901,0.8473,0.8473,2000
Contaminated,0.5,100,Sandwich_HC3,0.95,0.0,0.8436,0.8436,2000
Contaminated,0.5,100,Sandwich_HC4,0.965,0.015000000000000013,0.9116,0.9116,2000
Contaminated,0.5,100,Sandwich_HC5,0.957,0.007000000000000006,0.8644,0.8644,2000
Contaminated,0.5,100,Pairs_Bootstrap,0.926,0.02399999999999991,0.8137,0.8137,500
Contaminated,0.5,100,Wild_Bootstrap,0.938,0.01200000000000001,0.7758,0.7758,500
Contaminated,0.5,100,Bootstrap_t,0.912,0.03799999999999992,0.8797,0.8797,500
Contaminated,0.5,100,AKS_Adaptive,0.951,0.0010000000000000009,0.8708,0.8708,2000
Contaminated,0.5,100,AMRI_v1,0.9515,0.0015000000000000568,0.8716,0.8716,2000
Contaminated,0.5,100,AMRI_v2,0.95,0.0,0.8544,0.8544,2000
Contaminated,0.5,500,Naive_OLS,0.96,0.010000000000000009,0.3758,0.3758,2000
Contaminated,0.5,500,Sandwich_HC3,0.9595,0.009500000000000064,0.3728,0.3728,2000
Contaminated,0.5,500,Sandwich_HC4,0.9635,0.013500000000000068,0.3782,0.3782,2000
Contaminated,0.5,500,Sandwich_HC5,0.96,0.010000000000000009,0.3745,0.3745,2000
Contaminated,0.5,500,Pairs_Bootstrap,0.938,0.01200000000000001,0.3652,0.3652,500
Contaminated,0.5,500,Wild_Bootstrap,0.94,0.010000000000000009,0.3601,0.3601,500
Contaminated,0.5,500,Bootstrap_t,0.93,0.019999999999999907,0.3684,0.3684,500
Contaminated,0.5,500,AKS_Adaptive,0.9655,0.01550000000000007,0.3793,0.3793,2000
Contaminated,0.5,500,AMRI_v1,0.963,0.013000000000000012,0.382,0.382,2000
Contaminated,0.5,500,AMRI_v2,0.96,0.010000000000000009,0.3741,0.3741,2000
Contaminated,0.5,2000,Naive_OLS,0.948,0.0020000000000000018,0.1882,0.1882,2000
Contaminated,0.5,2000,Sandwich_HC3,0.95,0.0,0.1882,0.1882,2000
Contaminated,0.5,2000,Sandwich_HC4,0.951,0.0010000000000000009,0.1889,0.1889,2000
Contaminated,0.5,2000,Sandwich_HC5,0.95,0.0,0.1884,0.1884,2000
Contaminated,0.5,2000,Pairs_Bootstrap,0.944,0.006000000000000005,0.1839,0.1839,500
Contaminated,0.5,2000,Wild_Bootstrap,0.934,0.015999999999999903,0.1831,0.1831,500
Contaminated,0.5,2000,Bootstrap_t,0.934,0.015999999999999903,0.184,0.184,500
Contaminated,0.5,2000,AKS_Adaptive,0.9495,0.0004999999999999449,0.189,0.189,2000
Contaminated,0.5,2000,AMRI_v1,0.9545,0.0045000000000000595,0.1923,0.1923,2000
Contaminated,0.5,2000,AMRI_v2,0.95,0.0,0.1883,0.1883,2000
Contaminated,0.75,100,Naive_OLS,0.939,0.01100000000000001,1.0049,1.0049,2000
Contaminated,0.75,100,Sandwich_HC3,0.9435,0.00649999999999995,0.9988,0.9988,2000
Contaminated,0.75,100,Sandwich_HC4,0.961,0.01100000000000001,1.0803,1.0803,2000
Contaminated,0.75,100,Sandwich_HC5,0.9485,0.0014999999999999458,1.024,1.024,2000
Contaminated,0.75,100,Pairs_Bootstrap,0.928,0.02199999999999991,0.9556,0.9556,500
Contaminated,0.75,100,Wild_Bootstrap,0.93,0.019999999999999907,0.9162,0.9162,500
Contaminated,0.75,100,Bootstrap_t,0.912,0.03799999999999992,1.023,1.023,500
Contaminated,0.75,100,AKS_Adaptive,0.9475,0.0024999999999999467,1.0236,1.0236,2000
Contaminated,0.75,100,AMRI_v1,0.9475,0.0024999999999999467,1.0281,1.0281,2000
Contaminated,0.75,100,AMRI_v2,0.943,0.007000000000000006,1.0097,1.0097,2000
Contaminated,0.75,500,Naive_OLS,0.957,0.007000000000000006,0.4434,0.4434,2000
Contaminated,0.75,500,Sandwich_HC3,0.957,0.007000000000000006,0.4422,0.4422,2000
Contaminated,0.75,500,Sandwich_HC4,0.9595,0.009500000000000064,0.4487,0.4487,2000
Contaminated,0.75,500,Sandwich_HC5,0.9585,0.008500000000000063,0.4443,0.4443,2000
Contaminated,0.75,500,Pairs_Bootstrap,0.954,0.0040000000000000036,0.4345,0.4345,500
Contaminated,0.75,500,Wild_Bootstrap,0.954,0.0040000000000000036,0.4286,0.4286,500
Contaminated,0.75,500,Bootstrap_t,0.95,0.0,0.4377,0.4377,500
Contaminated,0.75,500,AKS_Adaptive,0.958,0.008000000000000007,0.4468,0.4468,2000
Contaminated,0.75,500,AMRI_v1,0.9585,0.008500000000000063,0.4515,0.4515,2000
Contaminated,0.75,500,AMRI_v2,0.9585,0.008500000000000063,0.4434,0.4434,2000
Contaminated,0.75,2000,Naive_OLS,0.954,0.0040000000000000036,0.2219,0.2219,2000
Contaminated,0.75,2000,Sandwich_HC3,0.955,0.0050000000000000044,0.2217,0.2217,2000
Contaminated,0.75,2000,Sandwich_HC4,0.9555,0.00550000000000006,0.2225,0.2225,2000
Contaminated,0.75,2000,Sandwich_HC5,0.955,0.0050000000000000044,0.222,0.222,2000
Contaminated,0.75,2000,Pairs_Bootstrap,0.958,0.008000000000000007,0.2173,0.2173,500
Contaminated,0.75,2000,Wild_Bootstrap,0.956,0.006000000000000005,0.2169,0.2169,500
Contaminated,0.75,2000,Bootstrap_t,0.948,0.0020000000000000018,0.2175,0.2175,500
Contaminated,0.75,2000,AKS_Adaptive,0.9555,0.00550000000000006,0.2225,0.2225,2000
Contaminated,0.75,2000,AMRI_v1,0.9565,0.006500000000000061,0.2258,0.2258,2000
Contaminated,0.75,2000,AMRI_v2,0.955,0.0050000000000000044,0.2219,0.2219,2000
Contaminated,1.0,100,Naive_OLS,0.941,0.009000000000000008,1.1384,1.1384,2000
Contaminated,1.0,100,Sandwich_HC3,0.949,0.0010000000000000009,1.1333,1.1333,2000
Contaminated,1.0,100,Sandwich_HC4,0.965,0.015000000000000013,1.2268,1.2268,2000
Contaminated,1.0,100,Sandwich_HC5,0.9555,0.00550000000000006,1.1625,1.1625,2000
Contaminated,1.0,100,Pairs_Bootstrap,0.924,0.025999999999999912,1.0868,1.0868,500
Contaminated,1.0,100,Wild_Bootstrap,0.926,0.02399999999999991,1.0485,1.0485,500
Contaminated,1.0,100,Bootstrap_t,0.906,0.04399999999999993,1.1486,1.1486,500
Contaminated,1.0,100,AKS_Adaptive,0.9445,0.005499999999999949,1.1531,1.1531,2000
Contaminated,1.0,100,AMRI_v1,0.949,0.0010000000000000009,1.1644,1.1644,2000
Contaminated,1.0,100,AMRI_v2,0.9475,0.0024999999999999467,1.1469,1.1469,2000
Contaminated,1.0,500,Naive_OLS,0.956,0.006000000000000005,0.5018,0.5018,2000
Contaminated,1.0,500,Sandwich_HC3,0.961,0.01100000000000001,0.501,0.501,2000
Contaminated,1.0,500,Sandwich_HC4,0.9615,0.011500000000000066,0.5084,0.5084,2000
Contaminated,1.0,500,Sandwich_HC5,0.961,0.01100000000000001,0.5034,0.5034,2000
Contaminated,1.0,500,Pairs_Bootstrap,0.964,0.014000000000000012,0.4928,0.4928,500
Contaminated,1.0,500,Wild_Bootstrap,0.952,0.0020000000000000018,0.4857,0.4857,500
Contaminated,1.0,500,Bootstrap_t,0.944,0.006000000000000005,0.496,0.496,500
Contaminated,1.0,500,AKS_Adaptive,0.96,0.010000000000000009,0.5048,0.5048,2000
Contaminated,1.0,500,AMRI_v1,0.9635,0.013500000000000068,0.51,0.51,2000
Contaminated,1.0,500,AMRI_v2,0.961,0.01100000000000001,0.5023,0.5023,2000
Contaminated,1.0,2000,Naive_OLS,0.9565,0.006500000000000061,0.2512,0.2512,2000
Contaminated,1.0,2000,Sandwich_HC3,0.9555,0.00550000000000006,0.2509,0.2509,2000
Contaminated,1.0,2000,Sandwich_HC4,0.957,0.007000000000000006,0.2518,0.2518,2000
Contaminated,1.0,2000,Sandwich_HC5,0.956,0.006000000000000005,0.2512,0.2512,2000
Contaminated,1.0,2000,Pairs_Bootstrap,0.948,0.0020000000000000018,0.2465,0.2465,500
Contaminated,1.0,2000,Wild_Bootstrap,0.942,0.008000000000000007,0.2465,0.2465,500
Contaminated,1.0,2000,Bootstrap_t,0.944,0.006000000000000005,0.2467,0.2467,500
Contaminated,1.0,2000,AKS_Adaptive,0.9575,0.007500000000000062,0.2516,0.2516,2000
Contaminated,1.0,2000,AMRI_v1,0.9585,0.008500000000000063,0.2548,0.2548,2000
Contaminated,1.0,2000,AMRI_v2,0.9575,0.007500000000000062,0.2511,0.2511,2000
